Date,HCLTECH.NS,TATAELXSI.NS,KAYNES.NS,CGPOWER.NS,DIXON.NS,NETWEB.NS,E2E.NS,TATACOMM.NS
2023-09-01,1053.4346923828125,7007.42138671875,1990.9000244140625,420.9512023925781,5050.06787109375,843.50537109375,39.28499984741211,1792.4189453125
2023-09-04,1094.921875,7041.76513671875,1975.699951171875,431.87335205078125,5115.724609375,837.82080078125,40.06999969482422,1821.931396484375
2023-09-05,1097.6309814453125,7124.017578125,1960.9000244140625,434.355712890625,5120.26806640625,842.906982421875,40.869998931884766,1805.5784912109375
2023-09-06,1097.897705078125,7076.783203125,1911.550048828125,428.5470886230469,4991.0517578125,844.502685546875,40.05500030517578,1815.2547607421875
2023-09-07,1114.021728515625,7118.0048828125,1954.8499755859375,445.526123046875,5077.57861328125,840.1146240234375,39.255001068115234,1828.60791015625
2023-09-08,1121.1729736328125,7086.40283203125,2036.800048828125,452.0297546386719,5113.92724609375,836.57421875,38.470001220703125,1824.2052001953125
2023-09-11,1138.49658203125,7120.9873046875,2202.300048828125,448.15740966796875,5171.544921875,843.0067138671875,37.70000076293945,1870.1671142578125
2023-09-12,1139.2515869140625,7087.02783203125,2122.10009765625,437.2848205566406,5033.791015625,833.482666015625,36.95000076293945,1790.8707275390625
2023-09-13,1132.899658203125,6988.4697265625,2008.6500244140625,440.2635803222656,5054.9111328125,818.5233154296875,36.21500015258789,1849.8955078125
2023-09-14,1140.3175048828125,7032.96240234375,2075.300048828125,441.703369140625,5070.88818359375,813.9856567382812,35.4900016784668,1862.184326171875
2023-09-15,1158.9735107421875,6959.849609375,2119.25,433.1145324707031,5051.8154296875,814.334716796875,36.19499969482422,1865.280517578125
2023-09-18,1159.3287353515625,7011.3173828125,2086.75,435.9940185546875,4913.31201171875,806.1569213867188,36.915000915527344,1836.6875
2023-09-20,1149.0238037109375,7024.544921875,2052.449951171875,428.5470886230469,4870.62255859375,808.9494018554688,36.88999938964844,1824.640625
2023-09-21,1135.3427734375,7009.201171875,2067.85009765625,426.4619140625,4842.56298828125,808.201416015625,36.154998779296875,1813.948486328125
2023-09-22,1131.5228271484375,6979.2822265625,2050.14990234375,437.3841247558594,4804.54296875,807.7027587890625,35.435001373291016,1815.2547607421875
2023-09-25,1122.416748046875,6991.6923828125,2119.550048828125,431.3769226074219,4885.62841796875,801.8685913085938,33.810001373291016,1796.5313720703125
2023-09-26,1120.6400146484375,7033.203125,2118.449951171875,434.90179443359375,5094.06103515625,802.0181884765625,34.65999984741211,1815.49658203125
2023-09-27,1120.3292236328125,7024.35302734375,2229.25,434.9514465332031,5281.11083984375,813.0880737304688,36.38999938964844,1814.9161376953125
2023-09-28,1103.2724609375,6953.4521484375,2244.5,433.41241455078125,5214.16455078125,807.6528930664062,38.20500183105469,1828.994873046875
2023-09-29,1096.96484375,6952.63427734375,2300.300048828125,439.0721130371094,5285.00732421875,825.4544677734375,40.1150016784668,1870.1671142578125
2023-10-03,1100.429443359375,6936.8095703125,2398.0,441.2068786621094,5293.201171875,827.99755859375,42.119998931884766,1840.1710205078125
2023-10-04,1101.1846923828125,7005.3046875,2392.050048828125,428.9442443847656,5212.2666015625,828.396484375,44.224998474121094,1803.5948486328125
2023-10-05,1097.5421142578125,6981.54345703125,2491.5,422.9866943359375,5143.97119140625,822.8615112304688,45.0,1790.3868408203125
2023-10-06,1099.541259765625,7025.36279296875,2549.699951171875,415.7879333496094,5124.63671875,810.5450439453125,45.900001525878906,1778.2916259765625
2023-10-09,1110.11279296875,7022.14013671875,2631.14990234375,410.32684326171875,5100.5556640625,810.7445068359375,46.79999923706055,1748.7308349609375
2023-10-10,1120.9510498046875,7079.861328125,2689.89990234375,409.03607177734375,5166.30322265625,817.775390625,47.279998779296875,1770.5989990234375
2023-10-11,1106.559326171875,7037.244140625,2676.199951171875,401.589111328125,5250.48583984375,878.7594604492188,48.0,1774.0343017578125
2023-10-12,1087.148193359375,7075.91650390625,2713.699951171875,396.9223327636719,5286.056640625,877.4629516601562,48.900001525878906,1757.0040283203125
2023-10-13,1115.7095947265625,7161.00732421875,2668.550048828125,393.4471130371094,5335.6669921875,864.5979614257812,49.494998931884766,1750.5692138671875
2023-10-16,1128.8131103515625,7193.04150390625,2626.89990234375,390.3690490722656,5384.52783203125,896.7106323242188,48.505001068115234,1738.7642822265625
2023-10-17,1134.587646484375,7162.54638671875,2571.10009765625,389.57470703125,5469.95947265625,877.6624145507812,47.53499984741211,1729.7171630859375
2023-10-18,1127.7471923828125,7319.8837890625,2509.050048828125,384.1632385253906,5470.908203125,867.24072265625,46.584999084472656,1728.2657470703125
2023-10-19,1125.88134765625,7411.41943359375,2548.85009765625,377.7092590332031,5497.38720703125,892.3724365234375,45.654998779296875,1719.411865234375
2023-10-20,1128.796142578125,7277.07470703125,2456.050048828125,391.46124267578125,5516.4716796875,885.3416137695312,46.564998626708984,1654.8717041015625
2023-10-23,1109.1102294921875,7057.78271484375,2341.10009765625,381.2837829589844,5413.654296875,836.1254272460938,47.400001525878906,1562.8511962890625
2023-10-25,1102.2490234375,7258.65185546875,2311.85009765625,369.7161865234375,5441.232421875,777.2356567382812,46.45500183105469,1533.3870849609375
2023-10-26,1104.760498046875,7180.0068359375,2291.550048828125,368.97149658203125,5336.66650390625,747.16748046875,45.525001525878906,1508.7611083984375
2023-10-27,1137.8546142578125,7312.86181640625,2379.25,381.6809387207031,5370.439453125,749.5608520507812,46.435001373291016,1555.8841552734375
2023-10-30,1134.31201171875,7349.0810546875,2376.449951171875,388.3832092285156,5099.75634765625,751.0568237304688,47.36000061035156,1594.34716796875
2023-10-31,1144.401611328125,7335.5654296875,2383.39990234375,387.34063720703125,5097.50830078125,747.1176147460938,48.30500030517578,1609.3936767578125
2023-11-01,1129.1102294921875,7199.15087890625,2331.5,380.3404846191406,5177.14404296875,755.3950805664062,49.27000045776367,1617.5216064453125
2023-11-02,1142.0699462890625,7212.13818359375,2363.85009765625,380.98590087890625,5325.72509765625,815.2821655273438,50.255001068115234,1659.3228759765625
2023-11-03,1135.6573486328125,7327.67626953125,2365.800048828125,377.51068115234375,5269.9697265625,794.738037109375,51.2599983215332,1648.4371337890625
2023-11-06,1138.7515869140625,7534.125,2455.35009765625,373.93609619140625,5262.02587890625,779.9781494140625,52.28499984741211,1681.52978515625
2023-11-07,1142.5628662109375,7860.77734375,2453.14990234375,385.5036926269531,5248.83642578125,773.4459228515625,51.2400016784668,1653.6622314453125
2023-11-08,1136.9129638671875,7929.80322265625,2476.60009765625,379.94329833984375,5353.0029296875,778.432373046875,50.349998474121094,1660.8709716796875
2023-11-09,1136.7784423828125,7745.09521484375,2484.050048828125,380.9362487792969,5301.59423828125,769.7061157226562,49.345001220703125,1651.872314453125
2023-11-10,1125.970947265625,7749.08740234375,2448.199951171875,385.80157470703125,5270.66943359375,767.811279296875,49.404998779296875,1653.3719482421875
2023-11-13,1130.94873046875,7779.6318359375,2462.85009765625,379.94329833984375,5229.60205078125,786.8096313476562,54.439998626708984,1651.82373046875
2023-11-15,1144.98486328125,7883.4814453125,2446.64990234375,391.5108947753906,5250.03564453125,799.2258911132812,57.15999984741211,1629.7620849609375
2023-11-16,1175.8372802734375,8137.83935546875,2494.449951171875,395.33367919921875,5422.59765625,827.5986328125,60.01499938964844,1651.388427734375
2023-11-17,1174.133056640625,7991.08251953125,2492.449951171875,386.3973083496094,5422.49755859375,813.0880737304688,63.01499938964844,1650.5174560546875
2023-11-20,1188.70703125,7970.0146484375,2435.25,391.46124267578125,5439.53369140625,822.1634521484375,61.70500183105469,1667.1605224609375
2023-11-21,1189.7833251953125,8103.30126953125,2473.199951171875,388.3832092285156,5457.11962890625,818.0745239257812,64.79000091552734,1652.0174560546875
2023-11-22,1192.5634765625,8071.02587890625,2491.14990234375,466.0300598144531,5407.85888671875,818.9721069335938,66.08499908447266,1650.0338134765625
2023-11-23,1191.9356689453125,8062.03076171875,2440.89990234375,457.0440368652344,5341.0625,818.5731201171875,67.40499877929688,1661.9354248046875
2023-11-24,1174.133056640625,8017.97119140625,2450.14990234375,426.1144104003906,5273.6171875,809.0989379882812,68.75,1667.9345703125
2023-11-28,1180.8592529296875,7990.6982421875,2464.35009765625,428.44775390625,5286.45654296875,877.0640869140625,69.9000015258789,1628.9879150390625
2023-11-29,1196.375244140625,8069.91943359375,2426.35009765625,436.1429443359375,5394.169921875,898.804931640625,70.0,1657.726318359375
2023-11-30,1202.6083984375,7939.326171875,2466.60009765625,446.22113037109375,5506.18017578125,897.7079467773438,69.87000274658203,1650.323974609375
2023-12-01,1198.841796875,8103.30126953125,2434.5,452.724853515625,5946.87646484375,895.0650634765625,68.5,1606.103759765625
2023-12-04,1199.9625244140625,8083.62841796875,2480.050048828125,466.67547607421875,5997.38623046875,894.9154663085938,67.12999725341797,1609.006591796875
2023-12-05,1181.6666259765625,8073.33447265625,2423.89990234375,469.9024658203125,6026.26318359375,962.68115234375,65.79000091552734,1624.391845703125
2023-12-06,1192.4290771484375,8133.41259765625,2396.39990234375,450.5404052734375,5975.40380859375,970.3104248046875,64.4749984741211,1614.908935546875
2023-12-07,1191.0386962890625,8047.697265625,2371.85009765625,453.0723571777344,5983.54736328125,996.9878540039062,63.185001373291016,1651.388427734375
2023-12-08,1223.4156494140625,8048.08203125,2361.60009765625,451.6325988769531,5960.11572265625,992.3005981445312,61.92499923706055,1639.970458984375
2023-12-11,1233.4608154296875,8125.427734375,2377.699951171875,447.8098449707031,6367.53857421875,1091.5306396484375,61.099998474121094,1651.7755126953125
2023-12-12,1233.4608154296875,8563.771484375,2447.199951171875,445.1289367675781,6351.40185546875,1194.0518798828125,62.31999969482422,1682.013427734375
2023-12-13,1227.98974609375,8522.259765625,2454.949951171875,453.56878662109375,6285.6044921875,1184.029052734375,63.564998626708984,1664.112548828125
2023-12-14,1268.70751953125,8644.33984375,2474.25,462.6044616699219,6302.990234375,1243.218017578125,64.83499908447266,1692.9959716796875
2023-12-15,1337.4970703125,8709.708984375,2580.449951171875,456.398681640625,6311.83349609375,1287.0487060546875,66.12999725341797,1754.63330078125
2023-12-18,1349.1563720703125,8742.1767578125,2601.64990234375,453.320556640625,6266.52001953125,1222.7735595703125,64.80999755859375,1750.0855712890625
2023-12-19,1334.8065185546875,8562.6640625,2745.449951171875,452.5758972167969,6361.09375,1198.140625,63.51499938964844,1733.8294677734375
2023-12-20,1291.443115234375,8281.37109375,2743.800048828125,445.7247314453125,6263.92236328125,1138.2535400390625,62.244998931884766,1649.4046630859375
2023-12-21,1275.3892822265625,8437.3134765625,2737.699951171875,452.873779296875,6516.41943359375,1175.8013916015625,61.5,1672.9661865234375
2023-12-22,1311.8465576171875,8533.7080078125,2743.5,463.3988037109375,6473.15380859375,1217.3883056640625,62.72999954223633,1674.12744140625
2023-12-26,1307.76611328125,8523.7509765625,2633.14990234375,462.0086975097656,6450.921875,1225.51611328125,62.0,1679.5946044921875
2023-12-27,1320.232666015625,8467.1845703125,2583.85009765625,454.9092712402344,6458.765625,1217.089111328125,63.2400016784668,1675.8690185546875
2023-12-28,1320.591064453125,8425.2890625,2599.89990234375,449.15032958984375,6459.36474609375,1200.8831787109375,64.5,1748.92431640625
2023-12-29,1314.8958740234375,8420.9599609375,2610.550048828125,451.1858215332031,6561.4833984375,1184.328369140625,65.79000091552734,1712.9774169921875
2024-01-01,1330.725830078125,8412.060546875,2669.050048828125,446.41973876953125,6455.1689453125,1179.7906494140625,69.07499694824219,1709.638916015625
2024-01-02,1317.990478515625,8380.5546875,2663.300048828125,448.8523864746094,6311.43408203125,1178.693603515625,72.5250015258789,1683.4166259765625
2024-01-03,1289.4698486328125,8280.6015625,2555.949951171875,448.15740966796875,6345.6064453125,1191.7080078125,76.1500015258789,1693.334716796875
2024-01-04,1273.5057373046875,8311.482421875,2521.0,460.81719970703125,6391.41943359375,1183.2310791015625,79.93499755859375,1709.20361328125
2024-01-05,1285.030517578125,8317.447265625,2556.25,465.13641357421875,6373.2841796875,1187.51953125,83.93000030517578,1701.510986328125
2024-01-08,1298.5732421875,8258.0908203125,2551.35009765625,466.5265197753906,6320.37646484375,1199.7362060546875,88.125,1663.6771240234375
2024-01-09,1309.7840576171875,8315.28125,2635.35009765625,467.6187438964844,6351.6015625,1259.72314453125,89.5999984741211,1673.1597900390625
2024-01-10,1338.21484375,8422.8837890625,2601.60009765625,465.13641357421875,6321.87548828125,1322.7017822265625,87.80999755859375,1662.7579345703125
2024-01-11,1331.66748046875,8389.5498046875,2654.85009765625,460.32073974609375,6483.44580078125,1388.8218994140625,86.05500030517578,1660.725830078125
2024-01-12,1381.8922119140625,8405.375,2735.300048828125,457.3916015625,6548.693359375,1447.1632080078125,84.33499908447266,1687.8192138671875
2024-01-15,1424.403564453125,8385.5576171875,2735.300048828125,454.5121154785156,6326.52197265625,1447.1632080078125,84.33499908447266,1696.237548828125
2024-01-16,1395.0311279296875,8277.7158203125,2761.0,449.1999206542969,6338.51220703125,1416.09765625,81.0,1675.5789794921875
2024-01-17,1413.3719482421875,8271.220703125,2737.550048828125,459.82427978515625,6362.5927734375,1395.354248046875,79.37999725341797,1642.5345458984375
2024-01-18,1405.88330078125,7995.02685546875,2671.699951171875,449.8453369140625,6298.044921875,1387.1763916015625,80.96499633789062,1712.2999267578125
2024-01-19,1417.0899658203125,7991.755859375,2733.449951171875,451.0368347167969,6095.3076171875,1412.3079833984375,82.58000183105469,1681.4813232421875
2024-01-23,1377.052734375,7884.3955078125,2708.800048828125,444.2353210449219,5849.15478515625,1357.2080078125,82.31999969482422,1648.9207763671875
2024-01-24,1424.727294921875,7473.3740234375,2851.14990234375,446.1715087890625,5915.35205078125,1425.0235595703125,82.30000305175781,1672.676025390625
2024-01-25,1401.09326171875,7375.921875,2878.449951171875,459.82427978515625,5874.73486328125,1496.229736328125,80.65499877929688,1661.01611328125
2024-01-29,1423.055419921875,7401.75146484375,2887.300048828125,463.7463073730469,5866.9404296875,1446.7144775390625,79.04499816894531,1658.0164794921875
2024-01-30,1409.2724609375,7306.3193359375,2827.949951171875,458.4837951660156,5858.248046875,1404.9281005859375,80.625,1648.4854736328125
2024-01-31,1424.3658447265625,7316.2763671875,2831.300048828125,465.2357177734375,5986.294921875,1392.960693359375,82.23500061035156,1680.803955078125
2024-02-01,1425.631103515625,7350.6689453125,2813.949951171875,453.5191650390625,6119.48779296875,1411.6597900390625,82.5,1649.114501953125
2024-02-02,1431.3699951171875,7350.7646484375,2907.25,444.8310546875,6232.79638671875,1370.3720703125,84.1500015258789,1643.69580078125
2024-02-05,1405.70263671875,7312.2841796875,2883.449951171875,437.810546875,6254.5791015625,1371.61865234375,83.80000305175781,1628.6492919921875
2024-02-06,1467.521240234375,7428.49560546875,2835.449951171875,443.0884094238281,6353.44970703125,1417.8428955078125,82.125,1649.8402099609375
2024-02-07,1459.929443359375,7494.24951171875,2881.449951171875,435.3708190917969,6303.7900390625,1390.666748046875,82.5,1639.1478271484375
2024-02-08,1476.6043701171875,7432.9208984375,2924.64990234375,430.1427917480469,6218.95849609375,1390.118408203125,81.69999694824219,1702.86572265625
2024-02-09,1473.7122802734375,7339.55712890625,2903.35009765625,430.6407165527344,6272.86474609375,1368.1781005859375,80.06999969482422,1703.833251953125
2024-02-12,1506.5648193359375,7213.77392578125,2865.39990234375,437.6114196777344,6264.171875,1334.2703857421875,78.80000305175781,1669.04736328125
2024-02-13,1505.3448486328125,7160.57421875,2905.39990234375,434.3252258300781,6290.65087890625,1323.200439453125,78.80000305175781,1689.560791015625
2024-02-14,1510.6771240234375,7147.34619140625,2842.449951171875,435.6197814941406,6334.865234375,1389.320556640625,80.0,1695.9471435546875
2024-02-15,1502.5885009765625,7186.45263671875,2773.050048828125,436.76495361328125,6354.94873046875,1430.109619140625,78.4000015258789,1697.68896484375
2024-02-16,1507.0167236328125,7228.0595703125,2795.5,428.3005065917969,6372.984375,1453.6455078125,79.9000015258789,1753.665771484375
2024-02-19,1514.0662841796875,7415.84521484375,2860.699951171875,434.4745788574219,6738.44091796875,1505.604248046875,83.8949966430664,1756.7137451171875
2024-02-20,1503.040283203125,7480.92529296875,2778.199951171875,434.4247741699219,6701.12060546875,1535.9716796875,88.08499908447266,1762.8580322265625
2024-02-21,1478.8638916015625,7451.96875,2811.050048828125,424.16790771484375,6728.5986328125,1493.2877197265625,92.48500061035156,1737.1678466796875
2024-02-22,1524.1436767578125,7495.11474609375,2865.35009765625,422.82354736328125,6771.5146484375,1567.9345703125,97.1050033569336,1763.003173828125
2024-02-23,1505.4803466796875,7515.55859375,2854.35009765625,431.8854675292969,6861.9921875,1646.321533203125,101.19000244140625,1765.470703125
2024-02-26,1491.0650634765625,7414.16162109375,2874.050048828125,426.6076354980469,6939.6796875,1690.5511474609375,106.24500274658203,1809.78759765625
2024-02-27,1499.19921875,7350.38037109375,2936.449951171875,437.26287841796875,6755.82666015625,1626.6748046875,107.77999877929688,1847.669921875
2024-02-28,1492.962890625,7305.2138671875,2899.39990234375,427.15533447265625,6537.40234375,1669.7576904296875,105.625,1851.00830078125
2024-02-29,1503.76318359375,7514.35546875,2955.64990234375,441.3955078125,6678.4892578125,1694.68994140625,103.51499938964844,1860.9263916015625
2024-03-01,1485.9134521484375,7451.05517578125,2945.5,463.05450439453125,6999.33154296875,1712.0426025390625,101.44499969482422,1843.847900390625
2024-03-04,1480.3551025390625,7400.69384765625,3104.25,467.0875244140625,7156.75537109375,1809.82666015625,97.43499755859375,1920.2899169921875
2024-03-05,1463.5447998046875,7371.39990234375,3215.0,461.31182861328125,7052.23876953125,1726.7525634765625,95.48999786376953,1929.7724609375
2024-03-06,1486.0037841796875,7313.53466796875,3085.300048828125,467.6850280761719,7146.86328125,1660.233642578125,93.58000183105469,1927.4019775390625
2024-03-07,1480.083984375,7394.77685546875,3112.75,455.7352294921875,7137.22119140625,1664.22265625,91.70999908447266,1946.3671875
2024-03-11,1480.9879150390625,7410.3623046875,3032.050048828125,467.48590087890625,7045.39404296875,1581.39794921875,89.875,1891.2613525390625
2024-03-12,1478.2310791015625,7286.21337890625,2852.35009765625,453.74359130859375,6889.0703125,1502.363037109375,88.08000183105469,1923.28955078125
2024-03-13,1474.5260009765625,7111.9921875,2784.050048828125,459.5193786621094,6598.603515625,1427.267333984375,86.31999969482422,1824.5439453125
2024-03-14,1517.681396484375,7436.9609375,2721.39990234375,465.5440368652344,6797.2939453125,1498.6231689453125,84.59500122070312,1867.5546875
2024-03-15,1488.8055419921875,7414.2578125,2666.60009765625,467.73486328125,6956.41650390625,1502.3131103515625,82.90499877929688,1872.19921875
2024-03-18,1485.2806396484375,7410.12109375,2602.85009765625,468.38214111328125,7016.41796875,1532.531005859375,81.25,1899.0989990234375
2024-03-19,1445.2882080078125,7345.810546875,2613.050048828125,476.99591064453125,6941.07861328125,1498.6231689453125,79.625,1848.395751953125
2024-03-20,1434.3978271484375,7269.474609375,2589.449951171875,500.1486511230469,6946.7236328125,1513.083740234375,81.21499633789062,1827.156494140625
2024-03-21,1442.2606201171875,7412.09375,2712.199951171875,539.1348876953125,7062.0810546875,1588.7281494140625,82.83499908447266,1846.412109375
2024-03-22,1407.9619140625,7373.85302734375,2798.949951171875,533.7077026367188,7159.40283203125,1626.6748046875,84.48999786376953,1860.394287109375
2024-03-26,1411.938720703125,7401.51123046875,2819.60009765625,539.8319091796875,7239.83837890625,1587.9801025390625,86.17500305175781,1884.5362548828125
2024-03-27,1397.4326171875,7383.28076171875,2787.35009765625,546.2051391601562,7418.2451171875,1631.2623291015625,87.8949966430664,1909.259033203125
2024-03-28,1395.0377197265625,7489.439453125,2871.949951171875,538.636962890625,7473.2509765625,1603.2884521484375,89.6500015258789,1945.302734375
2024-04-01,1406.9224853515625,7451.10302734375,2788.14990234375,512.0984497070312,7585.9609375,1680.9273681640625,91.44000244140625,1970.6060791015625
2024-04-02,1381.255126953125,7409.20703125,2779.800048828125,515.782958984375,7909.1513671875,1658.13916015625,93.26499938964844,2006.6983642578125
2024-04-03,1388.07861328125,7694.1083984375,2707.75,508.21478271484375,7693.27490234375,1657.5906982421875,95.12999725341797,1987.587890625
2024-04-04,1391.512939453125,7722.583984375,2686.050048828125,508.51348876953125,7622.1318359375,1644.6259765625,97.02999877929688,1990.9261474609375
2024-04-05,1396.57421875,7736.10009765625,2647.300048828125,512.2976684570312,7654.35595703125,1643.8780517578125,98.97000122070312,1995.0384521484375
2024-04-08,1391.8743896484375,7621.5244140625,2518.449951171875,502.48883056640625,7629.17578125,1660.3333740234375,103.91500091552734,1981.92724609375
2024-04-09,1392.2813720703125,7599.97509765625,2526.699951171875,499.6507568359375,7686.2802734375,1629.218017578125,99.95500183105469,1947.47998046875
2024-04-10,1391.0611572265625,7548.69970703125,2546.35009765625,501.99090576171875,7821.82177734375,1622.2867431640625,95.24500274658203,1906.7432861328125
2024-04-12,1375.1094970703125,7459.23193359375,2502.60009765625,492.18212890625,7839.107421875,1611.8153076171875,99.88999938964844,1882.455810546875
2024-04-15,1360.2420654296875,7239.89208984375,2457.64990234375,492.6302490234375,7626.8779296875,1571.375244140625,101.75,1847.379638671875
2024-04-16,1335.1622314453125,7243.98095703125,2466.5,515.4842529296875,7553.88671875,1611.7154541015625,99.94000244140625,1822.7537841796875
2024-04-18,1325.7174072265625,7208.72314453125,2548.800048828125,526.8365478515625,7492.3359375,1690.8502197265625,101.375,1794.063720703125
2024-04-19,1308.229248046875,7167.9814453125,2631.64990234375,531.666259765625,7525.9091796875,1664.4720458984375,99.49500274658203,1698.3662109375
2024-04-22,1324.85888671875,7154.1767578125,2593.25,529.9733276367188,7814.876953125,1654.00048828125,104.46499633789062,1667.1605224609375
2024-04-23,1343.6124267578125,7114.3017578125,2628.449951171875,531.9152221679688,7760.42041015625,1653.0531005859375,109.62999725341797,1688.4481201171875
2024-04-24,1336.9244384765625,6763.11767578125,2622.550048828125,543.0184936523438,8139.216796875,1726.1541748046875,115.11000061035156,1689.560791015625
2024-04-25,1359.428955078125,6824.44580078125,2647.25,539.9813232421875,8086.90869140625,1714.8350830078125,119.1449966430664,1686.948486328125
2024-04-26,1332.0440673828125,6833.87353515625,2728.5,555.26708984375,8573.2685546875,1692.894775390625,116.04499816894531,1699.7694091796875
2024-04-29,1253.9117431640625,6832.8154296875,2698.949951171875,556.7109985351562,8463.755859375,1674.8438720703125,112.375,1677.61083984375
2024-04-30,1235.113037109375,6784.041015625,2664.5,551.63232421875,8335.0595703125,1675.8909912109375,110.94000244140625,1673.8370361328125
2024-05-02,1229.78076171875,6879.81005859375,2601.85009765625,546.7528076171875,8403.5537109375,1759.6630859375,107.36499786376953,1687.2386474609375
2024-05-03,1218.34765625,6841.6181640625,2525.449951171875,545.9064331054688,8444.87109375,1847.6239013671875,112.7300033569336,1665.999267578125
2024-05-06,1228.0634765625,6818.3369140625,2500.449951171875,544.0143432617188,8407.6513671875,1926.908203125,117.0250015258789,1668.6602783203125
2024-05-07,1219.0416259765625,6866.7265625,2461.0,568.2625122070312,8297.2900390625,1927.85546875,113.2750015258789,1664.1607666015625
2024-05-08,1203.1964111328125,6845.32177734375,2512.199951171875,579.5151977539062,8405.4033203125,1926.459228515625,112.55999755859375,1699.9627685546875
2024-05-09,1209.05810546875,6879.81005859375,2449.75,579.8637084960938,8261.9677734375,1979.5648193359375,110.75,1670.20849609375
2024-05-10,1205.53173828125,6856.67333984375,2531.60009765625,577.5733032226562,8411.796875,1954.8819580078125,107.05500030517578,1685.64208984375
2024-05-13,1202.5093994140625,6800.49169921875,2465.64990234375,583.29931640625,8256.072265625,2049.87353515625,108.86499786376953,1686.7547607421875
2024-05-14,1209.97412109375,6818.9140625,2549.85009765625,606.1533203125,8058.98095703125,2151.347412109375,109.125,1712.880615234375
2024-05-15,1220.8277587890625,6947.92041015625,2619.0,638.8160400390625,8096.35107421875,2258.80517578125,107.99500274658203,1711.57421875
2024-05-16,1234.7955322265625,7022.33251953125,2567.35009765625,627.1151733398438,8253.2255859375,2300.39208984375,102.70999908447266,1746.989013671875
2024-05-17,1221.102294921875,7079.47607421875,3080.35009765625,651.8114624023438,8931.2314453125,2185.40478515625,102.3949966430664,1743.6993408203125
2024-05-21,1229.071044921875,6963.93798828125,3396.300048828125,640.3097534179688,9117.08203125,2049.92333984375,102.3949966430664,1761.93896484375
2024-05-22,1230.124267578125,6937.67529296875,3461.0,638.367919921875,9278.251953125,2141.972900390625,101.3550033569336,1758.9393310546875
2024-05-23,1239.741455078125,7134.88818359375,3342.5,633.4385986328125,9219.19921875,2088.6181640625,103.22000122070312,1775.1953125
2024-05-24,1232.0933837890625,7094.8203125,3309.800048828125,644.4922485351562,9290.7431640625,2122.9248046875,102.25499725341797,1779.017333984375
2024-05-27,1239.5125732421875,7038.87890625,3345.699951171875,648.2763061523438,9257.26953125,2147.85693359375,107.36499786376953,1759.61669921875
2024-05-28,1244.18359375,7041.861328125,3304.89990234375,626.8164672851562,9089.853515625,2122.526123046875,112.7300033569336,1741.4737548828125
2024-05-29,1239.3292236328125,7013.2900390625,3304.10009765625,629.5549926757812,9231.2900390625,2228.637451171875,118.36499786376953,1732.474853515625
2024-05-30,1219.865966796875,6921.5615234375,3301.949951171875,644.6913452148438,9300.5341796875,2228.288330078125,124.27999877929688,1705.6234130859375
2024-05-31,1212.767578125,6680.576171875,3388.800048828125,640.7578735351562,9388.8134765625,2336.7431640625,130.49000549316406,1720.7183837890625
2024-06-03,1203.9290771484375,6683.703125,3517.5,683.3788452148438,9878.0712890625,2397.77734375,137.00999450683594,1717.76708984375
2024-06-04,1193.945556640625,6470.71240234375,2836.800048828125,624.3767700195312,8844.30078125,2277.9033203125,143.86000061035156,1614.2318115234375
2024-06-05,1230.719482421875,6617.61279296875,2900.5,625.0239868164062,9462.7041015625,2164.760986328125,151.0500030517578,1691.689697265625
2024-06-06,1279.9959716796875,6668.88818359375,3123.64990234375,653.45458984375,9754.169921875,2272.966552734375,158.60000610351562,1733.103759765625
2024-06-07,1311.13720703125,6849.55419921875,3334.25,660.7738037109375,9977.0908203125,2487.832275390625,166.51499938964844,1754.0528564453125
2024-06-10,1299.45947265625,6868.93896484375,3379.300048828125,652.0106201171875,10077.4609375,2465.49267578125,174.83999633789062,1798.80517578125
2024-06-11,1308.6641845703125,6818.43310546875,3645.5,659.2302856445312,10132.3671875,2412.33740234375,183.5800018310547,1817.9156494140625
2024-06-12,1317.777587890625,6849.79541015625,3636.14990234375,663.3629150390625,10309.224609375,2441.807373046875,192.72999572753906,1835.57470703125
2024-06-13,1322.7237548828125,6956.38623046875,3721.35009765625,664.9562377929688,10846.9931640625,2447.24267578125,183.09500122070312,1816.222412109375
2024-06-14,1310.7252197265625,6991.93310546875,3797.85009765625,685.9181518554688,11233.83203125,2588.957275390625,173.94000244140625,1807.90087890625
2024-06-18,1316.3580322265625,7012.80859375,3894.449951171875,683.1298828125,11537.587890625,2528.72119140625,182.375,1807.7071533203125
2024-06-19,1324.2806396484375,6969.61376953125,3859.699951171875,672.6240234375,11327.2568359375,2653.332275390625,175.60499572753906,1771.9537353515625
2024-06-20,1322.08251953125,6955.90478515625,3790.0,677.1051635742188,11476.1884765625,2561.78125,182.4250030517578,1804.8043212890625
2024-06-21,1326.112548828125,6850.1318359375,3902.75,677.4536743164062,11529.8447265625,2548.467041015625,181.2050018310547,1785.984130859375
2024-06-24,1319.7010498046875,6975.2900390625,3887.39990234375,698.81396484375,11595.8427734375,2582.474853515625,190.26499938964844,1789.4676513671875
2024-06-25,1326.2039794921875,6902.77490234375,4030.300048828125,689.204345703125,11674.87890625,2551.858154296875,182.39500427246094,1778.00146484375
2024-06-26,1322.3114013671875,6887.08740234375,4014.75,682.4328002929688,11388.908203125,2598.43115234375,173.27499389648438,1781.968505859375
2024-06-27,1332.5699462890625,6797.37890625,3887.199951171875,694.8307495117188,11751.3671875,2586.314453125,164.61500549316406,1798.2247314453125
2024-06-28,1336.87451171875,6801.11865234375,3853.39990234375,701.7516479492188,11961.6982421875,2587.4111328125,172.84500122070312,1794.4024658203125
2024-07-01,1345.3468017578125,6870.6220703125,3974.050048828125,718.5808715820312,12436.4677734375,2656.572998046875,164.30999755859375,1812.0755615234375
2024-07-02,1356.2919921875,6855.85693359375,3962.64990234375,717.1370239257812,12507.3603515625,2666.49609375,158.9550018310547,1844.931884765625
2024-07-03,1356.4752197265625,6893.158203125,3986.5,717.2863159179688,12638.7041015625,2602.968994140625,153.33999633789062,1850.0579833984375
2024-07-04,1394.348388671875,6873.439453125,4008.0,719.5269165039062,12648.296875,2619.47412109375,161.0050048828125,1832.043212890625
2024-07-05,1391.6463623046875,6852.6513671875,4238.7998046875,768.9691772460938,12495.9189453125,2634.43359375,169.05499267578125,1843.76025390625
2024-07-08,1404.4696044921875,6825.986328125,4334.2001953125,765.2847290039062,12472.48828125,2678.36376953125,174.4199981689453,1813.393798828125
2024-07-09,1402.36279296875,6816.078125,4152.10009765625,754.6294555664062,12521.798828125,2653.082763671875,168.22500610351562,1800.260986328125
2024-07-10,1382.9910888671875,6915.79248046875,4087.5,738.9453125,12402.14453125,2563.67578125,159.81500244140625,1811.0015869140625
2024-07-11,1384.7769775390625,6758.42626953125,4123.39990234375,742.0822143554688,12603.18359375,2535.901611328125,158.81500244140625,1824.9154052734375
2024-07-12,1429.0159912109375,6863.43359375,4142.89990234375,723.6098022460938,12400.0458984375,2465.29345703125,151.46499633789062,1815.6395263671875
2024-07-15,1437.625732421875,6817.04931640625,4047.5,723.9085693359375,12669.4296875,2394.13720703125,159.03500366210938,1827.0147705078125
2024-07-16,1437.5799560546875,6798.01025390625,4157.10009765625,727.543212890625,12541.7333984375,2466.989013671875,161.15499877929688,1807.388916015625
2024-07-18,1460.477783203125,6833.1748046875,4076.60009765625,686.4160766601562,11936.2685546875,2430.388427734375,169.2100067138672,1826.3311767578125
2024-07-19,1460.477783203125,6780.865234375,3901.85009765625,672.8231811523438,11258.1630859375,2380.524169921875,177.6699981689453,1746.2166748046875
2024-07-22,1444.494873046875,6765.03125,3919.10009765625,686.8641357421875,11344.34375,2433.43017578125,181.77499389648438,1743.5802001953125
2024-07-23,1475.1827392578125,6794.076171875,4051.050048828125,673.570068359375,10934.322265625,2383.117431640625,179.5850067138672,1743.433837890625
2024-07-24,1461.66162109375,6739.5810546875,4101.14990234375,694.1834106445312,10978.837890625,2411.689453125,170.64500427246094,1804.89892578125
2024-07-25,1465.2611083984375,6673.1865234375,4175.14990234375,725.5516357421875,10901.3994140625,2363.769775390625,166.92999267578125,1788.153564453125
2024-07-26,1509.33154296875,6762.45751953125,4249.9501953125,729.285888671875,11263.5576171875,2381.521484375,175.27499389648438,1841.905029296875
2024-07-29,1506.5628662109375,6731.9560546875,4594.14990234375,737.9495239257812,11618.3251953125,2334.000732421875,173.94500732421875,1831.3597412109375
2024-07-30,1504.62451171875,6727.4873046875,4524.9501953125,736.455810546875,11967.7431640625,2323.828125,172.44000244140625,1862.50732421875
2024-07-31,1516.0228271484375,6784.70263671875,4441.85009765625,732.9207153320312,12096.7392578125,2302.286865234375,175.06500244140625,1943.793701171875
2024-08-01,1514.130859375,6744.34130859375,4378.2001953125,725.5516357421875,11661.189453125,2248.4833984375,173.5800018310547,1924.363037109375
2024-08-02,1485.2890625,6713.353515625,4353.39990234375,728.5889282226562,11645.2021484375,2339.685546875,173.89999389648438,1905.3231201171875
2024-08-05,1442.0029296875,6583.91455078125,4252.39990234375,688.35791015625,11132.6630859375,2243.447021484375,165.2050018310547,1825.843017578125
2024-08-06,1460.784912109375,6504.455078125,4196.7001953125,665.7528686523438,11101.9384765625,2168.25146484375,157.44000244140625,1798.25927734375
2024-08-07,1471.7218017578125,6648.65869140625,4278.2998046875,682.9307250976562,11597.5908203125,2273.6650390625,165.30999755859375,1832.482666015625
2024-08-08,1437.8035888671875,6624.42236328125,4278.64990234375,675.8106689453125,11444.5634765625,2260.94970703125,168.69000244140625,1810.7574462890625
2024-08-09,1467.4300537109375,6679.06298828125,4279.14990234375,710.216064453125,11731.033203125,2282.060791015625,169.55999755859375,1842.9791259765625
2024-08-12,1463.09228515625,6638.89599609375,4298.9501953125,702.8967895507812,11654.89453125,2381.328369140625,178.03500366210938,1842.2467041015625
2024-08-13,1469.921875,6596.7373046875,4702.0,690.0010375976562,11976.5361328125,2298.780029296875,186.93499755859375,1805.8265380859375
2024-08-14,1500.840576171875,6632.43603515625,4868.7998046875,703.444580078125,11904.3447265625,2203.9541015625,196.27999877929688,1790.1063232421875
2024-08-16,1539.6964111328125,6605.14013671875,5082.2001953125,712.4566650390625,12364.974609375,2305.76708984375,206.08999633789062,1820.619140625
2024-08-19,1549.156494140625,6729.33251953125,5236.14990234375,707.5771484375,12769.7001953125,2421.005615234375,216.38999938964844,1827.1124267578125
2024-08-20,1556.770751953125,6731.13037109375,5198.25,732.4725341796875,12665.533203125,2537.84130859375,227.2050018310547,1835.118896484375
2024-08-21,1548.0029296875,6728.361328125,5154.39990234375,730.9290771484375,12725.9853515625,2501.009033203125,238.56500244140625,1842.5885009765625
2024-08-22,1546.987548828125,6764.49755859375,5024.2998046875,737.55126953125,12849.435546875,2482.94189453125,250.49000549316406,1873.6871337890625
2024-08-23,1533.4202880859375,6885.38720703125,5054.85009765625,747.061279296875,13259.90625,2520.7724609375,253.1300048828125,1861.9215087890625
2024-08-26,1586.950927734375,7463.26953125,4999.5,734.9620971679688,13382.7080078125,2682.824951171875,262.54998779296875,1901.759033203125
2024-08-27,1579.7056884765625,8714.765625,4995.5,726.74658203125,13216.9404296875,2613.20263671875,249.4250030517578,1900.2457275390625
2024-08-28,1586.950927734375,7992.14501953125,4881.60009765625,708.8218994140625,13237.1748046875,2577.119140625,238.34500122070312,1883.0120849609375
2024-08-29,1616.8541259765625,7695.8212890625,4749.9501953125,697.8679809570312,13191.3115234375,2573.575439453125,243.99000549316406,1887.3570556640625
2024-08-30,1618.1463623046875,7771.8330078125,4753.7998046875,693.1875610351562,13160.38671875,2716.46337890625,244.90499877929688,1915.5753173828125
2024-09-02,1667.431396484375,7572.89111328125,4662.64990234375,680.7398681640625,12604.3330078125,2781.0947265625,233.19500732421875,1918.8463134765625
2024-09-03,1652.479736328125,7642.29736328125,4839.25,686.5156860351562,12981.3798828125,2746.009033203125,244.0050048828125,1934.7130126953125
2024-09-04,1647.6805419921875,7526.9931640625,4888.14990234375,686.0675048828125,12767.6015625,2675.738037109375,249.19000244140625,1906.0552978515625
2024-09-05,1652.5718994140625,7506.0107421875,4768.35009765625,684.6235961914062,12402.2451171875,2636.859375,261.6449890136719,1930.5145263671875
2024-09-06,1620.7767333984375,7372.34716796875,4700.7001953125,670.73193359375,12054.173828125,2605.61669921875,274.7250061035156,1895.558837890625
2024-09-09,1612.1470947265625,7614.806640625,4624.10009765625,661.3712768554688,12391.5029296875,2695.052490234375,275.9599914550781,1880.4244384765625
2024-09-10,1642.0042724609375,7626.1240234375,4637.2001953125,661.8193969726562,12506.810546875,2708.927001953125,269.4549865722656,1950.189208984375
2024-09-11,1641.6812744140625,7496.345703125,4663.0,686.8641357421875,12714.09375,2695.152587890625,282.92498779296875,1935.884765625
2024-09-12,1668.3082275390625,7565.60595703125,5165.85009765625,726.099365234375,12842.291015625,2714.267333984375,278.260009765625,1973.76953125
2024-09-13,1673.1075439453125,7494.20849609375,5333.25,710.7139892578125,13017.201171875,2704.83447265625,278.4200134277344,2011.60546875
2024-09-16,1672.230712890625,7468.806640625,5309.25,711.2118530273438,13979.078125,2779.59716796875,269.82000732421875,1999.205078125
2024-09-17,1673.984375,7487.1171875,5559.25,728.0411376953125,14085.03125,2766.172119140625,275.3900146484375,1982.069091796875
2024-09-18,1621.14599609375,7420.96533203125,5476.89990234375,740.1403198242188,14054.7451171875,2673.9912109375,275.3500061035156,1948.041015625
2024-09-19,1602.68701171875,7307.943359375,5428.35009765625,732.870849609375,13742.28515625,2656.922607421875,278.2049865722656,1928.6593017578125
2024-09-20,1624.42236328125,7634.57470703125,5479.35009765625,743.3767700195312,13989.3740234375,2677.43505859375,289.30999755859375,1921.580322265625
2024-09-23,1617.73095703125,7608.93017578125,5586.10009765625,770.7119140625,14248.5087890625,2611.4560546875,303.7749938964844,1960.3927001953125
2024-09-24,1638.77392578125,7693.6845703125,5632.7998046875,778.5787963867188,14334.470703125,2626.428466796875,318.9599914550781,1975.234130859375
2024-09-25,1645.0501708984375,7605.1416015625,5564.35009765625,772.6039428710938,14165.5966796875,2558.353515625,334.9049987792969,2077.513427734375
2024-09-26,1646.3883056640625,7610.19287109375,5483.2001953125,768.86962890625,14093.7275390625,2546.774658203125,337.92999267578125,2094.5517578125
2024-09-27,1669.046630859375,7587.94775390625,5552.85009765625,758.56298828125,14031.40625,2543.480712890625,321.0350036621094,2076.292724609375
2024-09-30,1657.6942138671875,7503.4853515625,5425.75,755.8742065429688,13796.810546875,2515.133056640625,311.69000244140625,2084.39697265625
2024-10-01,1676.5223388671875,7543.1181640625,5466.39990234375,748.1566772460938,14189.4853515625,2504.10302734375,304.635009765625,2107.8310546875
2024-10-03,1641.496826171875,7372.7841796875,5225.2001953125,735.3106689453125,13613.8916015625,2391.80908203125,319.864990234375,2092.55029296875
2024-10-04,1639.6968994140625,7359.37939453125,5048.5,715.7428588867188,13627.935546875,2509.0439453125,308.510009765625,2032.940185546875
2024-10-07,1640.0198974609375,7218.08984375,4870.7998046875,755.9738159179688,13503.740234375,2442.6162109375,293.0849914550781,1933.2972412109375
2024-10-08,1651.5567626953125,7334.123046875,5253.10009765625,777.1349487304688,14512.5419921875,2463.07861328125,286.44000244140625,1956.877685546875
2024-10-09,1670.2462158203125,7396.48583984375,5391.60009765625,800.1382446289062,14798.6142578125,2444.7119140625,288.9100036621094,1903.3702392578125
2024-10-10,1669.2774658203125,7537.33837890625,5538.2001953125,838.2282104492188,14926.9072265625,2443.41455078125,303.3550109863281,1905.762451171875
2024-10-11,1697.8883056640625,7455.595703125,5590.2998046875,854.5596313476562,15136.9140625,2610.308349609375,318.5199890136719,1917.4305419921875
2024-10-14,1712.88623046875,7356.853515625,5682.2998046875,851.7214965820312,15258.259765625,2603.9697265625,334.44500732421875,1905.3231201171875
2024-10-15,1725.9918212890625,7255.43994140625,5714.25,829.216064453125,15397.59765625,2669.399658203125,351.1650085449219,1885.7459716796875
2024-10-16,1721.515625,7188.80224609375,5731.25,831.2077026367188,15311.2861328125,2588.947265625,368.7200012207031,1877.104736328125
2024-10-17,1723.869384765625,7154.4150390625,5582.60009765625,833.697265625,15124.119140625,2580.013671875,364.7300109863281,1786.8841552734375
2024-10-18,1714.54736328125,7119.05615234375,5610.5,815.5734252929688,15374.9580078125,2676.736083984375,382.9649963378906,1828.821044921875
2024-10-21,1701.5340576171875,7197.25341796875,5652.10009765625,772.35498046875,15383.7041015625,2740.668701171875,381.2149963378906,1809.1463623046875
2024-10-22,1693.3126220703125,6922.64013671875,5394.64990234375,752.0403442382812,14901.3681640625,2621.98681640625,362.1549987792969,1756.76171875
2024-10-23,1714.67919921875,7010.697265625,5469.35009765625,737.40185546875,15277.6513671875,2623.1845703125,353.06500244140625,1737.087158203125
2024-10-24,1713.8896484375,6767.1201171875,5512.2998046875,730.7298583984375,15048.6025390625,2584.705078125,336.9100036621094,1744.849609375
2024-10-25,1720.810546875,6790.67626953125,5301.60009765625,740.3892822265625,13931.0009765625,2507.346923828125,353.7550048828125,1735.6712646484375
2024-10-28,1738.8328857421875,6858.04296875,5343.7998046875,708.9215087890625,14230.216796875,2545.2275390625,371.44000244140625,1745.1912841796875
2024-10-29,1738.8328857421875,6837.5947265625,5242.60009765625,714.8466186523438,14932.5048828125,2525.413818359375,390.010009765625,1741.96923828125
2024-10-30,1708.22265625,6897.86962890625,5269.7998046875,711.1123046875,14169.2939453125,2648.38818359375,409.510009765625,1744.99609375
2024-10-31,1640.6387939453125,6820.98388671875,5440.0498046875,701.4529418945312,14055.3447265625,2692.856689453125,429.9849853515625,1732.7908935546875
2024-11-01,1632.60302734375,6904.18408203125,5512.35009765625,717.5850830078125,14123.46484375,2711.572265625,451.4800109863281,1748.5599365234375
2024-11-04,1637.7589111328125,6833.85498046875,5414.0498046875,712.85498046875,14428.1787109375,2638.356689453125,474.04998779296875,1705.1583251953125
2024-11-05,1647.606201171875,6830.455078125,5312.64990234375,701.9010009765625,14396.244140625,2649.935302734375,497.75,1714.6297607421875
2024-11-06,1707.85107421875,7025.46240234375,5872.9501953125,722.464599609375,15640.638671875,2794.3203125,522.635009765625,1766.3795166015625
2024-11-07,1701.8592529296875,6959.99072265625,5781.60009765625,723.9583129882812,15691.5166015625,2829.206298828125,539.0900268554688,1763.2061767578125
2024-11-08,1707.01513671875,6742.251953125,5544.2998046875,713.2532958984375,15614.1513671875,2832.7998046875,512.135009765625,1732.7908935546875
2024-11-11,1734.6988525390625,6338.24951171875,5633.0,724.4562377929688,15380.9052734375,2816.779052734375,486.5299987792969,1726.2489013671875
2024-11-12,1739.854736328125,6445.68603515625,5728.85009765625,709.7181396484375,15001.474609375,2809.442626953125,488.42498779296875,1718.144775390625
2024-11-13,1732.3299560546875,6233.72705078125,5437.89990234375,686.1671142578125,14713.40234375,2670.597412109375,464.0050048828125,1703.9378662109375
2024-11-14,1726.9417724609375,6192.2001953125,5538.14990234375,692.1917724609375,14769.5263671875,2665.956298828125,440.80499267578125,1708.624755859375
2024-11-18,1704.692626953125,6271.3203125,5622.64990234375,699.859619140625,14804.861328125,2689.612548828125,462.8450012207031,1686.6065673828125
2024-11-19,1691.2689208984375,6361.66015625,5775.85009765625,715.294677734375,14869.783203125,2838.289794921875,439.7799987792969,1695.7359619140625
2024-11-21,1705.9466552734375,6310.2734375,5810.14990234375,708.3240356445312,14988.779296875,2795.867431640625,447.385009765625,1671.17919921875
2024-11-22,1763.590576171875,6398.0390625,5854.85009765625,726.9955444335938,15341.873046875,2790.32763671875,441.2550048828125,1697.15185546875
2024-11-25,1757.3660888671875,6597.1259765625,5895.85009765625,733.6177368164062,15717.8046875,2868.234619140625,424.80999755859375,1742.0179443359375
2024-11-26,1764.658935546875,6521.697265625,5985.64990234375,732.3729858398438,15494.2041015625,2831.801513671875,424.5299987792969,1723.4173583984375
2024-11-27,1756.762451171875,6561.76708984375,5897.39990234375,761.102294921875,15610.552734375,2872.227294921875,445.7550048828125,1721.4156494140625
2024-11-28,1710.173583984375,6563.7099609375,5838.25,749.3018798828125,15601.2568359375,2792.22412109375,467.1449890136719,1703.9378662109375
2024-11-29,1716.8160400390625,6479.92724609375,5987.4501953125,729.1863403320312,15800.369140625,2745.1103515625,443.7900085449219,1713.7020263671875
2024-12-02,1738.6007080078125,6520.92041015625,6319.0498046875,752.0403442382812,16756.443359375,2783.0908203125,442.135009765625,1749.878173828125
2024-12-03,1756.4837646484375,6895.48974609375,6225.5,758.1148071289062,16858.947265625,2892.24072265625,433.614990234375,1765.256591796875
2024-12-04,1762.8936767578125,6934.734375,6208.5,749.0529174804688,17383.564453125,2862.594970703125,435.739990234375,1758.3729248046875
2024-12-05,1787.3726806640625,7156.9892578125,6249.5,766.131103515625,17290.85546875,2870.730224609375,429.5249938964844,1763.1083984375
2024-12-06,1786.1646728515625,7184.8681640625,6232.7001953125,779.2261352539062,17413.30078125,2892.5400390625,430.0450134277344,1745.9237060546875
2024-12-09,1774.2738037109375,7145.5751953125,6294.60009765625,790.1801147460938,17338.18359375,2913.801025390625,421.739990234375,1743.238525390625
2024-12-10,1798.8455810546875,7191.37646484375,6355.10009765625,793.8646240234375,17506.259765625,2892.73974609375,442.82000732421875,1733.230224609375
2024-12-11,1793.7823486328125,7139.98974609375,6506.9501953125,779.8236083984375,17520.75390625,2864.691162109375,430.2449951171875,1796.550537109375
2024-12-12,1798.7061767578125,7110.31396484375,6597.14990234375,779.8734130859375,17689.4765625,2828.657470703125,421.385009765625,1807.4376220703125
2024-12-13,1828.9912109375,7153.73486328125,6752.0498046875,765.7825927734375,17946.4140625,2784.588134765625,429.1050109863281,1797.5269775390625
2024-12-16,1815.61376953125,7146.546875,7119.75,767.7244873046875,18823.423828125,2854.70947265625,427.56500244140625,1812.4661865234375
2024-12-17,1812.0836181640625,7065.58056640625,7242.7998046875,767.5750732421875,18931.724609375,2955.77392578125,424.6700134277344,1770.7733154296875
2024-12-18,1821.1412353515625,7023.71337890625,7101.35009765625,763.591796875,18907.78515625,2924.78076171875,407.8949890136719,1753.197998046875
2024-12-19,1796.8946533203125,7028.32763671875,7242.75,761.4508666992188,18393.763671875,2863.9423828125,401.54998779296875,1726.2977294921875
2024-12-20,1775.620849609375,6723.6015625,7303.64990234375,726.9955444335938,17936.91796875,2754.3935546875,393.1700134277344,1670.1051025390625
2024-12-23,1767.8638916015625,6703.34765625,7338.9501953125,724.5557861328125,17990.443359375,2676.037353515625,388.3349914550781,1669.128662109375
2024-12-24,1762.243408203125,6661.578125,7238.25,710.7139892578125,17885.041015625,2691.708740234375,389.9800109863281,1681.1875
2024-12-26,1765.7735595703125,6698.9287109375,7062.9501953125,740.6382446289062,18030.126953125,2696.150634765625,388.4150085449219,1692.465087890625
2024-12-27,1757.6448974609375,6689.35986328125,7068.4501953125,745.1194458007812,17964.306640625,2735.178955078125,382.5350036621094,1673.1807861328125
2024-12-30,1791.97119140625,6727.4384765625,7199.0498046875,732.7713012695312,18095.546875,2706.68115234375,385.510009765625,1657.070068359375
2024-12-31,1781.2413330078125,6602.12841796875,7417.2998046875,724.9541015625,17928.322265625,2720.655517578125,404.7850036621094,1663.221435546875
2025-01-01,1776.1781005859375,6550.83935546875,7597.5498046875,737.8997192382812,17986.1953125,2884.654296875,424.2300109863281,1684.9466552734375
2025-01-02,1832.149658203125,6513.4404296875,7483.60009765625,744.8704833984375,18333.7421875,2874.772705078125,423.17498779296875,1703.88916015625
2025-01-03,1808.4140625,6457.39111328125,7544.7001953125,733.6675415039062,18389.466796875,2834.197021484375,410.1549987792969,1695.589599609375
2025-01-06,1814.3597412109375,6300.8994140625,7166.0,711.3114624023438,18029.2265625,2737.125244140625,399.68499755859375,1651.3092041015625
2025-01-07,1779.8477783203125,6355.2001953125,7247.5498046875,714.9959716796875,18443.642578125,2825.11376953125,419.6650085449219,1646.6712646484375
2025-01-08,1795.0367431640625,6288.3203125,6970.64990234375,691.69384765625,16898.330078125,2765.0244140625,430.1300048828125,1664.4908447265625
2025-01-09,1797.40576171875,6255.72998046875,6731.89990234375,675.312744140625,16845.203125,2757.387939453125,430.17999267578125,1666.5413818359375
2025-01-10,1853.4237060546875,5828.94775390625,6672.35009765625,647.4796142578125,16701.765625,2594.487060546875,415.375,1678.35595703125
2025-01-13,1848.128173828125,5771.6357421875,6145.35009765625,612.5264892578125,15828.1064453125,2418.709716796875,394.6099853515625,1593.798583984375
2025-01-14,1684.7659912109375,5910.73876953125,6196.7001953125,637.4717407226562,16267.6611328125,2513.7353515625,391.8299865722656,1637.3465576171875
2025-01-15,1696.0528564453125,5940.8037109375,6565.14990234375,607.74658203125,16912.125,2427.843017578125,392.0050048828125,1635.7354736328125
2025-01-16,1664.9783935546875,6007.34423828125,6576.35009765625,624.3767700195312,16931.365234375,2449.503173828125,387.2550048828125,1666.931884765625
2025-01-17,1678.7261962890625,6034.3974609375,6579.89990234375,646.4340209960938,17216.787109375,2334.0654296875,382.1050109863281,1658.0953369140625
2025-01-20,1685.57666015625,6022.44921875,6613.35009765625,681.1382446289062,17551.638671875,2193.07421875,390.8949890136719,1689.096435546875
2025-01-21,1691.3946533203125,5977.9111328125,5977.85009765625,655.2967529296875,15137.61328125,2139.871826171875,382.17999267578125,1657.0213623046875
2025-01-22,1715.136474609375,5990.927734375,5350.75,634.5838623046875,14707.9541015625,1940.2880859375,367.1600036621094,1638.3717041015625
2025-01-23,1695.7115478515625,6172.18994140625,5595.5,625.27294921875,15456.720703125,1899.2135009765625,348.80499267578125,1607.4683837890625
2025-01-24,1682.4327392578125,6190.4033203125,5628.5,617.9536743164062,15577.9677734375,1842.4178466796875,331.364990234375,1591.0157470703125
2025-01-27,1606.51513671875,5979.95068359375,5268.0498046875,592.958740234375,15425.9345703125,1620.8743896484375,314.79998779296875,1532.3822021484375
2025-01-28,1588.967041015625,5950.17724609375,4661.35009765625,572.5444946289062,14580.4619140625,1458.822021484375,299.05999755859375,1522.4715576171875
2025-01-29,1613.131103515625,5997.24169921875,4955.4501953125,623.1319580078125,14529.6845703125,1604.7042236328125,284.1099853515625,1518.41943359375
2025-01-30,1607.594482421875,5960.18310546875,4725.64990234375,618.00341796875,14653.328125,1724.683837890625,269.9049987792969,1549.5181884765625
2025-01-31,1619.183837890625,6154.75341796875,4792.35009765625,632.19384765625,14979.2841796875,1790.7626953125,256.4100036621094,1594.4820556640625
2025-02-01,1589.6707763671875,6198.708984375,4892.85009765625,609.4395141601562,14707.8046875,1784.1248779296875,243.58999633789062,1578.56640625
2025-02-03,1587.7939453125,6213.27978515625,4602.85009765625,583.0503540039062,14479.7060546875,1680.6646728515625,231.41000366210938,1523.692138671875
2025-02-04,1625.8466796875,6188.84912109375,4459.0498046875,601.3235473632812,14927.0078125,1688.4005126953125,219.83999633789062,1549.030029296875
2025-02-05,1607.3599853515625,6201.86572265625,4408.0498046875,626.9658203125,15095.33203125,1748.340576171875,230.8300018310547,1567.4842529296875
2025-02-06,1617.35400390625,6238.19580078125,4291.39990234375,612.0784301757812,14651.3291015625,1791.26171875,242.3699951171875,1549.469482421875
2025-02-07,1619.3714599609375,6252.4755859375,4279.0498046875,614.86669921875,15147.9091796875,1782.12841796875,230.2550048828125,1567.923583984375
2025-02-10,1627.0665283203125,6194.96875,4119.10009765625,589.5231323242188,14788.619140625,1643.5828857421875,218.7449951171875,1534.9208984375
2025-02-11,1617.072265625,5941.77490234375,4096.4501953125,585.5399169921875,14659.775390625,1545.66259765625,207.80999755859375,1489.3712158203125
2025-02-12,1611.535888671875,5978.0078125,4182.4501953125,574.3369750976562,14759.431640625,1532.7861328125,212.9499969482422,1486.2467041015625
2025-02-13,1598.210205078125,5958.87158203125,4138.14990234375,577.075439453125,14704.255859375,1498.5989990234375,214.85499572753906,1487.2718505859375
2025-02-14,1605.8583984375,5997.3876953125,4008.39990234375,550.0390014648438,14004.4677734375,1406.5179443359375,204.11500549316406,1467.74365234375
2025-02-17,1604.591552734375,5971.01416015625,4049.5,580.560791015625,14193.18359375,1367.7391357421875,203.77499389648438,1471.8934326171875
2025-02-18,1619.2308349609375,5923.02734375,3951.699951171875,576.32861328125,14000.4697265625,1338.1434326171875,200.1699981689453,1453.195068359375
2025-02-19,1606.8438720703125,5845.46142578125,4212.5498046875,581.7557983398438,14082.033203125,1471.9478759765625,210.1750030517578,1466.3768310546875
2025-02-20,1583.6181640625,5851.337890625,4211.14990234375,593.3072509765625,14213.4248046875,1615.135009765625,220.67999267578125,1451.2423095703125
2025-02-21,1595.9581298828125,5789.9462890625,4367.7001953125,587.481689453125,13965.685546875,1596.569091796875,219.41000366210938,1415.9449462890625
2025-02-24,1542.7972412109375,5684.404296875,4351.75,599.979248046875,14037.1025390625,1537.427734375,208.44000244140625,1402.1776123046875
2025-02-25,1535.336669921875,5532.72119140625,4272.75,595.9959716796875,14145.3046875,1557.4908447265625,198.78500366210938,1372.29931640625
2025-02-27,1528.86181640625,5404.01123046875,4031.39990234375,577.921875,13818.150390625,1481.6800537109375,189.3000030517578,1356.1884765625
2025-02-28,1478.046630859375,5256.31103515625,4144.14990234375,570.2042846679688,13929.650390625,1451.2359619140625,181.08999633789062,1320.5982666015625
2025-03-03,1475.559814453125,5300.0234375,4132.64990234375,584.245361328125,14045.4990234375,1416.349853515625,187.61500549316406,1292.7215576171875
2025-03-04,1440.9324951171875,5234.8916015625,4047.14990234375,600.77587890625,14184.037109375,1437.3614501953125,190.19500732421875,1285.203369140625
2025-03-05,1476.075927734375,5394.5400390625,4170.4501953125,610.335693359375,14491.0009765625,1523.9024658203125,199.6999969482422,1357.2137451171875
2025-03-06,1487.80615234375,5477.01171875,4249.10009765625,625.4721069335938,14249.908203125,1562.431884765625,198.89500427246094,1365.41552734375
2025-03-07,1461.999755859375,5463.26611328125,4457.0498046875,627.4140014648438,13905.0615234375,1591.27880859375,192.2100067138672,1351.2088623046875
2025-03-10,1453.882568359375,5346.0673828125,4301.5,594.3030395507812,13125.3095703125,1524.6011962890625,182.60000610351562,1340.8099365234375
2025-03-11,1471.2900390625,5265.00439453125,4291.35009765625,605.6056518554688,13292.984375,1522.65478515625,174.125,1457.1495361328125
2025-03-12,1445.7183837890625,5152.12890625,4330.2001953125,605.8545532226562,13073.1318359375,1486.8704833984375,181.1649932861328,1472.479248046875
2025-03-13,1440.2286376953125,5086.9482421875,4243.89990234375,596.5933837890625,13318.123046875,1457.6241455078125,181.09500122070312,1468.4759521484375
2025-03-17,1449.988037109375,5026.43017578125,4341.89990234375,607.54736328125,13092.3740234375,1401.1279296875,183.10499572753906,1467.15771484375
2025-03-18,1449.988037109375,5026.43017578125,4341.89990234375,607.54736328125,13092.3740234375,1401.1279296875,183.10499572753906,1467.15771484375
2025-03-19,1449.3311767578125,5212.7919921875,4584.0498046875,660.5248413085938,13869.427734375,1518.8616943359375,201.8699951171875,1524.27783203125
2025-03-20,1465.80029296875,5223.5263671875,4642.89990234375,651.8612060546875,13899.5146484375,1512.673095703125,208.5399932861328,1567.3377685546875
2025-03-21,1470.210693359375,5306.677734375,4848.2998046875,639.8377685546875,14050.546875,1603.6063232421875,218.96499633789062,1572.0245361328125
2025-03-24,1505.3544921875,5468.900390625,5036.39990234375,631.5062255859375,14601.8515625,1634.5494384765625,229.91000366210938,1573.928466796875
2025-03-25,1524.8265380859375,5339.70556640625,4882.7001953125,625.5194091796875,13618.439453125,1600.9110107421875,225.1699981689453,1541.0234375
2025-03-26,1532.8031005859375,5407.7509765625,4873.14990234375,634.3997802734375,13254.501953125,1546.3114013671875,213.9149932861328,1567.0936279296875
2025-03-27,1529.7530517578125,5262.81884765625,4803.64990234375,635.746826171875,13504.7900390625,1522.7047119140625,215.07000732421875,1556.93896484375
2025-03-28,1494.4219970703125,5065.43212890625,4747.35009765625,637.0938720703125,13173.6376953125,1511.8746337890625,211.97999572753906,1540.974609375
2025-04-01,1436.099609375,4924.57958984375,4795.10009765625,613.6456298828125,12918.1513671875,1507.7821044921875,201.81500244140625,1542.390380859375
2025-04-02,1433.47216796875,5080.3427734375,5036.9501953125,622.2266235351562,13444.716796875,1546.5609130859375,200.50999450683594,1557.5736083984375
2025-04-03,1379.560302734375,5045.8095703125,4956.0498046875,614.593505859375,13481.9501953125,1526.84716796875,202.1699981689453,1592.7733154296875
2025-04-04,1334.516357421875,4912.0,4649.75,573.9332885742188,13131.7060546875,1496.2532958984375,195.1750030517578,1560.3564453125
2025-04-07,1289.47265625,4670.75390625,4439.2998046875,539.3096923828125,12550.46484375,1432.520263671875,185.4199981689453,1513.2933349609375
2025-04-08,1316.9212646484375,4730.1064453125,4836.2001953125,548.1901245117188,12986.0205078125,1458.1234130859375,189.8800048828125,1528.5740966796875
2025-04-09,1295.0093994140625,4619.70751953125,4833.5498046875,549.7865600585938,13276.5419921875,1419.8934326171875,187.9600067138672,1510.8521728515625
2025-04-11,1304.9095458984375,4616.11328125,5091.14990234375,571.1394653320312,14295.5380859375,1466.607666015625,189.94500732421875,1527.3536376953125
2025-04-15,1338.6453857421875,4789.9443359375,5520.89990234375,587.9523315429688,14924.3583984375,1506.4345703125,199.44000244140625,1553.4727783203125
2025-04-16,1343.5250244140625,4788.00146484375,5671.2001953125,597.431396484375,15245.2158203125,1516.8155517578125,200.32000732421875,1556.10888671875
2025-04-17,1349.4371337890625,4760.31689453125,5643.0,618.4849243164062,15316.18359375,1494.2569580078125,190.30999755859375,1528.0859375
2025-04-21,1390.727294921875,5189.1875,5879.0,649.1671752929688,15808.96484375,1499.3475341796875,180.8000030517578,1536.678466796875
2025-04-22,1388.7567138671875,5323.23974609375,5979.2998046875,643.8788452148438,16667.58203125,1497.4510498046875,189.83999633789062,1560.9910888671875
2025-04-23,1495.82958984375,5502.4619140625,5919.60009765625,658.6961669921875,16599.61328125,1528.9932861328125,199.3300018310547,1547.0284423828125
2025-04-24,1488.9791259765625,5748.71044921875,5835.39990234375,644.5773315429688,16580.62109375,1512.6231689453125,209.2899932861328,1570.1693115234375
2025-04-25,1481.002685546875,5451.94970703125,5573.89990234375,631.7056884765625,16211.78515625,1456.8255615234375,219.75,1532.577392578125
2025-04-28,1470.656005859375,5526.26123046875,5884.60009765625,632.20458984375,16407.697265625,1464.41162109375,230.72999572753906,1543.8062744140625
2025-04-29,1489.35595703125,5599.11572265625,5914.7001953125,637.0439453125,16606.609375,1453.0325927734375,242.25999450683594,1542.243896484375
2025-04-30,1487.93212890625,5601.05859375,5747.2001953125,625.4196166992188,16444.681640625,1408.813720703125,241.49000549316406,1553.86328125
2025-05-02,1492.5833740234375,5653.513671875,5757.0,619.2332153320312,16401.701171875,1415.4017333984375,242.6999969482422,1520.0794677734375
2025-05-05,1488.976318359375,5650.599609375,5795.0,633.7012939453125,16702.56640625,1601.460205078125,264.739990234375,1553.5703125
2025-05-06,1498.943115234375,5536.94677734375,5623.0,597.132080078125,16048.857421875,1562.731201171875,256.7900085449219,1509.1435546875
2025-05-07,1483.9453125,5593.28759765625,5842.0,608.0579833984375,16087.8408203125,1551.5517578125,269.6199951171875,1507.190673828125
2025-05-08,1500.4620361328125,5548.11767578125,5664.0,608.9060668945312,15619.048828125,1629.3089599609375,281.1199951171875,1471.9422607421875
2025-05-09,1489.7357177734375,5573.85986328125,5665.5,608.2574462890625,15183.2431640625,1572.2137451171875,267.1499938964844,1480.0465087890625
2025-05-12,1585.5140380859375,5925.50439453125,5979.5,644.3777465820312,16065.8505859375,1717.7467041015625,280.5,1530.4293212890625
2025-05-13,1537.387451171875,5814.765625,6285.5,650.7138061523438,16211.78515625,1724.1348876953125,287.1600036621094,1528.37890625
2025-05-14,1554.5684814453125,5925.98974609375,6322.5,671.5178833007812,16113.8291015625,1726.63037109375,280.7900085449219,1565.9708251953125
2025-05-15,1609.9093017578125,6003.701171875,6297.5,676.7064208984375,16425.689453125,1820.65771484375,284.3800048828125,1577.0042724609375
2025-05-16,1575.641845703125,6034.30078125,6262.5,694.916259765625,16652.58984375,1828.4434814453125,282.2099914550781,1593.798583984375
2025-05-19,1565.8646240234375,6066.3564453125,6104.5,695.1157836914062,16566.626953125,1836.9278564453125,276.8800048828125,1604.734375
2025-05-20,1555.13818359375,6018.2724609375,6003.5,689.4782104492188,16558.630859375,1792.808837890625,274.25,1595.7513427734375
2025-05-21,1568.142822265625,6007.5869140625,5951.0,692.4716186523438,15605.0556640625,1797.60009765625,286.55999755859375,1625.4342041015625
2025-05-22,1550.107177734375,6025.07177734375,5932.5,694.916259765625,15163.251953125,1807.382080078125,291.79998779296875,1628.0706787109375
2025-05-23,1564.5357666015625,6110.5546875,6024.5,694.916259765625,15012.3193359375,1794.7054443359375,299.8699951171875,1635.100830078125
2025-05-26,1588.6463623046875,6247.521484375,5975.0,696.21337890625,15078.2900390625,1893.1246337890625,292.29998779296875,1650.821044921875
2025-05-27,1568.23779296875,6226.63671875,5978.0,693.1701049804688,15084.287109375,1918.777587890625,286.3900146484375,1648.087158203125
2025-05-28,1573.1737060546875,6285.8916015625,5992.0,686.2354125976562,14809.4091796875,1992.4423828125,278.2099914550781,1650.2352294921875
2025-05-29,1580.1981201171875,6313.576171875,6027.0,695.514892578125,14801.4130859375,2019.792236328125,282.82000732421875,1648.5753173828125
2025-05-30,1553.5245361328125,6255.29248046875,5980.0,685.1876831054688,14685.46484375,1995.4368896484375,286.82000732421875,1636.6630859375
2025-06-02,1548.6834716796875,6233.43603515625,5821.0,677.6044311523438,14605.5,1945.528564453125,289.55999755859375,1636.6630859375
2025-06-03,1547.6392822265625,6223.72216796875,5788.0,676.8560791015625,14446.5712890625,1971.4808349609375,281.4800109863281,1623.9696044921875
2025-06-04,1543.5576171875,6263.06396484375,5737.5,688.4305419921875,14949.3466796875,1963.9945068359375,283.8999938964844,1643.009765625
2025-06-05,1549.537841796875,6305.8046875,5658.5,694.9661254882812,14687.4638671875,1992.3426513671875,280.3599853515625,1672.6927490234375
2025-06-06,1554.5684814453125,6287.83447265625,5731.5,680.098876953125,14848.3916015625,1972.9781494140625,273.1000061035156,1672.6927490234375
2025-06-09,1564.630615234375,6441.80029296875,5654.0,693.1202392578125,14907.3662109375,1927.6612548828125,267.7900085449219,1703.44970703125
2025-06-10,1583.425537109375,6513.19775390625,5583.5,689.0292358398438,14975.3359375,1951.8170166015625,272.94000244140625,1694.076171875
2025-06-11,1634.49462890625,6507.794921875,5576.0,694.2177734375,14783.4208984375,1878.251953125,267.05999755859375,1672.3997802734375
2025-06-12,1614.8453369140625,6359.455078125,5476.5,674.4114990234375,14511.5419921875,1803.4892578125,264.95001220703125,1660.585205078125
2025-06-13,1609.244873046875,6279.8818359375,5475.5,670.7196655273438,14304.6337890625,1778.5350341796875,261.8299865722656,1665.7601318359375
2025-06-16,1635.53857421875,6264.65478515625,5597.5,680.6976318359375,14306.6328125,1818.861083984375,259.3599853515625,1670.154052734375
2025-06-17,1641.8037109375,6304.9326171875,5644.0,692.5713500976562,14236.6640625,1771.048828125,258.1499938964844,1669.275146484375
2025-06-18,1628.799072265625,6335.8779296875,5720.0,682.4437866210938,14360.609375,1746.0946044921875,259.4700012207031,1659.608642578125
2025-06-19,1626.9007568359375,6110.4208984375,5612.0,665.2317504882812,13997.7705078125,1718.4453125,250.39999389648438,1633.843017578125
2025-06-20,1651.5809326171875,6207.6767578125,5864.5,686.7343139648438,14040.751953125,1760.8675537109375,250.97000122070312,1639.5906982421875
2025-06-23,1616.7437744140625,6201.7822265625,5782.5,681.795166015625,14564.5185546875,1758.17236328125,253.47999572753906,1628.8880615234375
2025-06-24,1605.922607421875,6155.6103515625,5798.0,680.9470825195312,14499.546875,1769.45166015625,256.3699951171875,1631.0682373046875
2025-06-25,1629.9381103515625,6156.1015625,5850.0,675.1099243164062,14158.69921875,1834.2327880859375,250.85000610351562,1657.1312255859375
2025-06-26,1636.5828857421875,6163.9609375,5769.0,673.2640380859375,14308.6318359375,1828.7427978515625,249.25,1657.924072265625
2025-06-27,1635.8236083984375,6233.21875,5867.5,670.7196655273438,14466.5615234375,1806.184326171875,261.7099914550781,1663.671875
2025-06-30,1640.8544921875,6198.83544921875,6095.0,680.6477661132812,14976.3349609375,1841.81884765625,265.20001220703125,1675.365478515625
2025-07-01,1631.0772705078125,6099.12353515625,6140.5,681.5457153320312,14709.4541015625,1867.771240234375,267.1099853515625,1710.248291015625
2025-07-02,1631.3621826171875,6076.03759765625,6286.5,664.633056640625,15156.2548828125,1851.8004150390625,259.45001220703125,1791.2120361328125
2025-07-03,1625.002197265625,6105.5087890625,6175.5,665.9801025390625,15067.294921875,1857.2904052734375,254.35000610351562,1761.9779052734375
2025-07-04,1638.29150390625,6099.61474609375,6156.5,675.1099243164062,15195.2373046875,1820.4581298828125,250.94000244140625,1746.5184326171875
2025-07-07,1623.578369140625,6066.2138671875,6175.0,678.9514770507812,15426.134765625,1789.015869140625,248.5500030517578,1752.3653564453125
2025-07-08,1621.39501953125,6062.775390625,6007.0,674.3117065429688,15466.1171875,1800.5946044921875,247.24000549316406,1747.6085205078125
2025-07-09,1589.0260009765625,6043.61865234375,6123.0,670.5699462890625,15703.01171875,1803.4892578125,255.0500030517578,1745.3292236328125
2025-07-10,1579.2489013671875,6029.37451171875,6164.5,675.8084106445312,15841.9501953125,1809.37841796875,253.3699951171875,1737.599609375
2025-07-11,1555.13818359375,5959.1337890625,5998.0,666.2794189453125,15778.9775390625,1943.83154296875,250.25999450683594,1696.37451171875
2025-07-14,1537.5772705078125,6070.14306640625,6023.0,673.3139038085938,15890.927734375,1977.3699951171875,243.64999389648438,1697.9599609375
2025-07-15,1486.8880615234375,6267.60205078125,5975.0,675.9580688476562,15815.9619140625,1959.0037841796875,236.32000732421875,1713.1220703125
2025-07-16,1483.470703125,6199.81787109375,5977.5,673.8626708984375,16091.8388671875,1952.71533203125,236.6999969482422,1708.5635986328125
2025-07-17,1465.530029296875,6087.3349609375,5953.5,687.8318481445312,16099.8349609375,1931.454345703125,248.22000122070312,1715.9959716796875
2025-07-18,1481.697998046875,6057.3720703125,5853.0,666.1297607421875,15952.900390625,1927.8609619140625,241.5500030517578,1747.9058837890625
2025-07-21,1464.094970703125,6089.2998046875,5897.0,679.1510620117188,16273.7578125,1892.6256103515625,240.9199981689453,1755.2391357421875
2025-07-22,1454.2412109375,6100.59716796875,5783.0,682.2940673828125,16104.8330078125,1892.326171875,249.5399932861328,1721.0499267578125
2025-07-23,1463.52099609375,6125.64794921875,5747.5,681.4459838867188,16548.634765625,1952.71533203125,237.07000732421875,1725.9058837890625
2025-07-24,1441.900146484375,6116.31494140625,5660.5,678.8516845703125,16760.541015625,1963.9945068359375,225.22000122070312,1712.9239501953125
2025-07-25,1425.541015625,5955.20458984375,5693.5,661.0908813476562,16692.572265625,1923.468994140625,213.9600067138672,1713.2213134765625
2025-07-28,1402.580810546875,5929.17138671875,5517.0,657.4988403320312,16736.552734375,1824.1513671875,203.27000427246094,1709.05908203125
2025-07-29,1408.60791015625,5983.2021484375,5542.0,657.5985717773438,16776.533203125,1969.1851806640625,213.42999267578125,1713.8157958984375
2025-07-30,1412.5301513671875,5993.51708984375,5638.0,658.8956909179688,16757.54296875,2019.2930908203125,210.35000610351562,1742.752685546875
2025-07-31,1404.302978515625,5986.1494140625,6172.0,660.2427978515625,16833.5078125,2027.777587890625,207.89999389648438,1709.1580810546875
2025-08-01,1389.1873779296875,5947.83642578125,6371.5,649.8656616210938,16840.505859375,2131.28759765625,206.5800018310547,1652.17626953125
2025-08-04,1410.5213623046875,5924.75048828125,6297.0,660.7915649414062,16994.4375,2299.878173828125,216.8699951171875,1660.302490234375
2025-08-05,1418.4615478515625,5856.47509765625,6325.5,678.7518920898438,16841.505859375,2206.14990234375,213.7100067138672,1675.9599609375
2025-08-06,1399.806396484375,5713.5380859375,6031.5,679.0512084960938,16505.654296875,2118.111572265625,207.4600067138672,1669.81591796875
2025-08-07,1411.573486328125,5761.6748046875,6089.0,680.0490112304688,16655.587890625,2142.8662109375,208.5,1657.4285888671875
2025-08-08,1411.764892578125,5658.03369140625,5815.5,664.9324340820312,15856.943359375,2100.84326171875,202.6999969482422,1639.5906982421875
2025-08-11,1423.5321044921875,5576.49560546875,5851.0,663.4357299804688,16080.84375,2144.06396484375,202.91000366210938,1649.8970947265625
2025-08-12,1434.151123046875,5518.53515625,5808.5,657.0996704101562,15820.958984375,2089.663818359375,207.42999267578125,1612.338623046875
2025-08-13,1436.064453125,5571.0927734375,6060.0,668.9735107421875,15944.904296875,2095.053955078125,208.0800018310547,1625.0233154296875
2025-08-14,1425.2540283203125,5581.40771484375,6116.5,664.4833984375,16183.7978515625,2121.106201171875,206.36000061035156,1679.626708984375
2025-08-18,1420.6619873046875,5577.47802734375,6279.0,667.6763916015625,16748.546875,2154.1455078125,210.39999389648438,1658.3204345703125
2025-08-19,1412.1475830078125,5625.61474609375,6272.0,675.3095092773438,16897.48046875,2122.90283203125,216.0,1653.761962890625
2025-08-20,1431.1854248046875,5644.2802734375,6200.5,672.76513671875,16868.4921875,2044.8463134765625,230.57000732421875,1630.37451171875
2025-08-21,1428.793701171875,5559.30419921875,6145.5,676.057861328125,16717.560546875,2062.0146484375,233.11000061035156,1574.6810302734375
2025-08-22,1402.772216796875,5481.20458984375,6209.0,678.352783203125,16885.486328125,2320.953125,234.3800048828125,1590.0413818359375
2025-08-25,1439.0301513671875,5448.7861328125,6231.5,675.7086181640625,17010.4296875,2370.322509765625,236.25999450683594,1580.4288330078125
2025-08-26,1428.1240234375,5381.98388671875,6197.5,669.8215942382812,16660.5859375,2289.6728515625,236.05999755859375,1548.7171630859375
2025-08-28,1386.987060546875,5243.95947265625,6195.0,662.5377197265625,16670.58203125,2238.205078125,235.27999877929688,1545.5458984375
2025-08-29,1391.7703857421875,5141.79150390625,6123.0,692.7709350585938,16682.576171875,2206.224853515625,229.50999450683594,1534.64501953125
2025-09-01,1404.7811279296875,5262.62451171875,6600.0,715.6205444335938,17574.1796875,2231.4091796875,227.0,1546.933349609375
2025-09-02,1402.1981201171875,5329.91796875,6573.0,738.0211181640625,17545.19140625,2265.188232421875,240.30999755859375,1537.5189208984375
2025-09-03,1402.580810546875,5331.88232421875,6744.0,731.68505859375,17751.099609375,2525.325927734375,264.3399963378906,1551.9873046875
2025-09-04,1380.7686767578125,5332.37353515625,6768.0,738.5698852539062,17844.05859375,2650.447998046875,286.7699890136719,1540.293701171875
2025-09-05,1357.521484375,5354.96826171875,6841.5,734.678466796875,17847.056640625,3077.481689453125,290.0,1535.635986328125
2025-09-08,1342.214599609375,5373.142578125,7041.5,744.706298828125,17997.990234375,3104.664794921875,296.1600036621094,1533.0594482421875
2025-09-09,1365.2705078125,5455.66259765625,7100.5,738.4700927734375,17993.9921875,3057.89404296875,310.9599914550781,1589.05029296875
2025-09-10,1400.4761962890625,5740.5537109375,7097.5,767.256591796875,17889.0390625,3128.25,326.5,1568.437744140625
2025-09-11,1404.1114501953125,5651.15673828125,7120.5,783.4707641601562,18032.974609375,2998.73095703125,324.6400146484375,1569.032470703125
2025-09-12,1403.633056640625,5620.703125,7171.5,783.6703491210938,18094.947265625,2901.9912109375,308.4100036621094,1599.4556884765625
2025-09-15,1402.9635009765625,5584.84619140625,7130.0,789.607177734375,17977.0,2881.10400390625,301.44000244140625,1655.2484130859375
2025-09-16,1418.8443603515625,5606.45849609375,7183.0,790.4553833007812,18110.0,2840.529541015625,301.6499938964844,1698.3564453125
2025-09-17,1417.3138427734375,5582.88134765625,7257.5,790.2059326171875,18110.0,2926.57568359375,297.92999267578125,1677.8428955078125
2025-09-18,1429.0806884765625,5632.49169921875,7227.5,782.8222045898438,18331.0,3035.8076171875,295.6400146484375,1668.428466796875
2025-09-19,1403.8245849609375,5621.685546875,7151.5,777.68359375,18177.0,3277.357177734375,303.989990234375,1669.2213134765625
2025-09-22,1377.515869140625,5508.22021484375,7083.5,768.5038452148438,18082.0,3533.197509765625,319.17999267578125,1638.0052490234375
2025-09-23,1367.8536376953125,5457.62744140625,7242.0,771.7466430664062,18130.0,3538.594482421875,335.1300048828125,1640.383544921875
2025-09-24,1379.81201171875,5407.52587890625,7454.0,768.4039916992188,18161.0,3414.271728515625,321.8599853515625,1639.6898193359375
2025-09-25,1362.1136474609375,5365.28369140625,7503.0,757.42822265625,18202.0,3611.2490234375,332.0299987792969,1643.85205078125
2025-09-26,1334.8482666015625,5209.57568359375,7341.0,737.7716674804688,17511.0,3693.097900390625,345.0799865722656,1599.1583251953125
2025-09-29,1327.29052734375,5207.611328125,7050.5,745.6542358398438,16678.0,3582.766845703125,330.55999755859375,1598.4647216796875
2025-09-30,1325.090087890625,5134.91455078125,7052.0,739.3182373046875,16322.0,3646.227294921875,320.42999267578125,1598.7620849609375
2025-10-01,1329.299560546875,5133.9326171875,7157.0,738.1707763671875,16453.0,4059.569580078125,336.45001220703125,1598.662841796875
2025-10-03,1333.1263427734375,5261.15087890625,7273.0,745.8538208007812,16591.0,4309.2138671875,353.2699890136719,1599.257568359375
2025-10-06,1356.2777099609375,5298.97265625,7466.5,743.7584228515625,17041.0,4209.576171875,370.92999267578125,1643.5546875
2025-10-07,1371.297607421875,5294.5517578125,7593.0,746.3527221679688,17232.0,4345.49169921875,374.3500061035156,1647.5186767578125
2025-10-08,1390.2396240234375,5363.81005859375,7189.0,742.3116455078125,16859.0,4357.38427734375,372.69000244140625,1673.97802734375
2025-10-09,1422.0970458984375,5474.8193359375,7102.5,759.4737548828125,17098.0,3961.131103515625,346.55999755859375,1681.5096435546875
2025-10-10,1430.7071533203125,5312.23486328125,7102.0,751.7408447265625,17445.0,4024.9912109375,340.7799987792969,1853.346923828125
2025-10-13,1429.941650390625,5257.71240234375,6838.5,745.40478515625,17195.0,3887.0771484375,330.0400085449219,1781.9957275390625
2025-10-14,1430.6114501953125,5241.01220703125,6911.0,744.3072509765625,16634.0,3873.985107421875,319.7200012207031,1855.725341796875
2025-10-15,1430.8983154296875,5272.939453125,6958.5,755.6322021484375,16777.0,3929.9501953125,320.1700134277344,1937.48193359375
2025-10-16,1449.3623046875,5308.30517578125,6991.5,758.9249267578125,16844.0,3757.857666015625,320.95001220703125,1953.5360107421875
2025-10-17,1433.1617431640625,5274.904296875,7019.0,756.0313720703125,16700.0,3830.71240234375,324.1300048828125,1909.5361328125
2025-10-20,1442.0335693359375,5302.4111328125,6862.5,738.52001953125,16075.0,3895.172119140625,318.1000061035156,1887.9324951171875
2025-10-21,1432.96875,5260.16845703125,6867.0,737.3724975585938,16122.0,3892.57373046875,319.8699951171875,1898.0406494140625
2025-10-23,1469.5164794921875,5374.6162109375,6704.0,731.2360229492188,15611.0,3741.367919921875,320.739990234375,1835.5091552734375
2025-10-24,1469.419921875,5446.330078125,6689.0,722.255859375,15490.0,3714.78466796875,306.82000732421875,1878.91455078125
2025-10-27,1478.7738037109375,5487.09912109375,6737.5,726.7459716796875,15505.0,3894.572509765625,317.5799865722656,1923.806396484375
2025-10-28,1467.7806396484375,5447.3125,6842.0,720.9088745117188,15372.0,4204.17919921875,311.92999267578125,1889.51806640625
2025-10-29,1501.7244873046875,5440.9267578125,6918.5,746.9513549804688,15512.0,3921.75537109375,309.0799865722656,1892.490966796875
2025-10-30,1494.4921875,5441.9091796875,6800.0,733.08203125,15644.0,4101.34326171875,311.7900085449219,1896.55419921875
2025-10-31,1486.48828125,5358.40673828125,6704.5,735.0277099609375,15494.0,4035.28466796875,309.260009765625,1858.5001220703125
2025-11-03,1488.4168701171875,5338.26806640625,6652.5,743.70849609375,15485.0,3796.43359375,304.8299865722656,1883.8695068359375
2025-11-04,1474.53076171875,5286.20166015625,6658.5,745.9535522460938,15254.0,3628.03857421875,311.3299865722656,1888.2298583984375
2025-11-06,1471.92724609375,5150.1416015625,6358.5,731.08642578125,15079.0,3298.743896484375,304.7900085449219,1825.401123046875
2025-11-07,1458.4268798828125,5088.74267578125,6225.0,731.6351928710938,14849.0,3429.761962890625,307.7200012207031,1832.7344970703125
2025-11-10,1485.52392578125,5115.26708984375,6482.0,736.5244140625,14867.0,3371.3984375,304.8699951171875,1827.2840576171875
2025-11-11,1513.9710693359375,5190.41943359375,6455.5,731.3358764648438,15094.0,3491.523681640625,292.4599914550781,1823.419189453125
2025-11-12,1537.1146240234375,5293.07861328125,6433.5,738.2206420898438,15307.0,3526.201904296875,291.54998779296875,1823.419189453125
2025-11-13,1541.4541015625,5213.99658203125,6376.5,743.5588989257812,15323.0,3473.734619140625,281.2099914550781,1871.6802978515625
2025-11-14,1537.693359375,5173.71875,6332.0,741.8626098632812,15419.0,3435.8583984375,264.7099914550781,1857.11279296875
2025-11-17,1549.072265625,5209.57568359375,6237.0,748.0988159179688,15641.0,3375.995849609375,261.1600036621094,1889.71630859375
2025-11-18,1538.2718505859375,5184.03369140625,5889.0,732.1340942382812,15697.0,3257.569580078125,258.8900146484375,1863.9505615234375
2025-11-19,1603.2664794921875,5253.2919921875,5974.0,722.5053100585938,15540.0,3285.951904296875,260.3599853515625,1858.5992431640625
2025-11-20,1586.6805419921875,5271.95703125,5967.5,719.66162109375,15313.0,3437.45751953125,258.57000732421875,1900.1217041015625
2025-11-21,1550.6151123046875,5226.767578125,5883.5,708.635986328125,14965.0,3304.34033203125,247.9199981689453,1903.5902099609375
2025-11-24,1552.929443359375,5138.84423828125,5826.0,681.495849609375,14669.0,3283.453369140625,232.83999633789062,1863.8515625
2025-11-25,1543.9613037109375,5073.0244140625,5777.5,681.0468139648438,14401.0,3295.345947265625,232.5800018310547,1809.4462890625
2025-11-26,1560.161865234375,5137.37060546875,5796.5,686.8839721679688,14825.0,3289.849365234375,234.57000732421875,1834.320068359375
2025-11-27,1570.86572265625,5105.443359375,5573.5,677.7540893554688,14643.0,3333.222412109375,231.02000427246094,1826.2930908203125
2025-11-28,1566.2369384765625,5067.62158203125,5490.0,671.4180908203125,14601.0,3289.349609375,226.17999267578125,1798.842529296875
2025-12-01,1584.2696533203125,5032.7470703125,5358.5,668.2750244140625,14566.0,3216.59521484375,229.00999450683594,1820.0498046875
2025-12-02,1577.1336669921875,5036.67626953125,5408.5,658.2471923828125,14494.0,3218.2939453125,220.3800048828125,1831.6444091796875
2025-12-03,1581.955322265625,5083.33984375,5307.0,662.7372436523438,14018.0,3208.999755859375,214.24000549316406,1848.0948486328125
2025-12-04,1595.552001953125,5124.599609375,4978.0,660.8912963867188,13707.0,3196.3076171875,220.4600067138672,1830.157958984375
2025-12-05,1622.9385986328125,5125.58203125,4353.5,659.8934936523438,13749.0,3079.680419921875,212.3800048828125,1821.338134765625
2025-12-08,1628.338623046875,4945.80615234375,3807.0,645.724853515625,13563.0,3036.107666015625,202.3000030517578,1795.4732666015625
2025-12-09,1598.4449462890625,4891.77490234375,4331.0,666.3292846679688,13517.0,3125.8515625,215.00999450683594,1790.1219482421875
2025-12-10,1606.545166015625,4777.32763671875,3890.5,663.9844970703125,12351.0,3065.888916015625,208.5399932861328,1779.815673828125
2025-12-11,1612.7169189453125,4928.123046875,4041.5,665.0321655273438,12988.0,3152.235107421875,210.58999633789062,1759.30224609375
2025-12-12,1613.48828125,4941.87646484375,4265.5,664.4335327148438,13379.0,3198.80615234375,210.47999572753906,1782.8876953125
2025-12-15,1623.90283203125,4959.5595703125,4197.5,668.6741943359375,13737.0,3329.124755859375,210.25999450683594,1776.2481689453125
2025-12-16,1592.7554931640625,4909.94921875,4186.5,671.5677490234375,13628.0,3277.25732421875,203.9600067138672,1808.356201171875
2025-12-17,1595.937744140625,4880.96875,4093.5,668.9236450195312,13274.0,3202.203857421875,201.3800048828125,1811.22998046875
2025-12-18,1602.109375,4925.17626953125,4046.5,660.342529296875,13299.0,3118.65625,200.99000549316406,1775.5543212890625
2025-12-19,1583.7874755859375,5318.12890625,4185.0,670.1209106445312,13268.0,3248.874755859375,206.32000732421875,1808.2569580078125
2025-12-22,1610.6917724609375,5362.33642578125,4194.0,669.5721435546875,12845.0,3274.059326171875,207.97000122070312,1781.6986083984375
2025-12-23,1619.94921875,5333.35595703125,4140.5,664.8326416015625,12832.0,3230.28662109375,209.52999877929688,1777.536376953125
2025-12-24,1614.9346923828125,5292.58740234375,4118.5,659.4445190429688,12629.0,3191.2109375,207.94000244140625,1755.4373779296875
2025-12-26,1601.6273193359375,5253.783203125,4060.5,654.5552978515625,12328.0,3145.639404296875,205.0800018310547,1761.5814208984375
2025-12-29,1572.6015625,5221.85546875,3988.0,645.8245849609375,11857.0,3076.882080078125,195.52000427246094,1783.7796630859375
2025-12-30,1557.55810546875,5101.513671875,3933.0,639.6382446289062,11767.0,3091.373046875,196.33999633789062,1795.3741455078125
2025-12-31,1565.369140625,5148.1767578125,4013.0,646.47314453125,12102.0,3108.8623046875,199.14999389648438,1808.8516845703125
2026-01-01,1576.1693115234375,5119.68798828125,3943.5,636.4951782226562,12091.0,3073.98388671875,199.9199981689453,1795.176025390625
2026-01-02,1581.6658935546875,5243.46826171875,3977.199951171875,647.6704711914062,12165.0,3022.21630859375,202.75,1773.96875
2026-01-05,1550.2293701171875,5269.01025390625,3997.60009765625,643.8289794921875,12051.0,3272.560302734375,208.85000610351562,1786.7525634765625
2026-01-06,1558.618896484375,5250.8359375,3791.39990234375,636.4452514648438,11726.0,3346.014404296875,203.55999755859375,1788.437255859375
2026-01-07,1588.898193359375,5749.88623046875,3831.300048828125,635.5473022460938,11770.0,3366.301513671875,202.47000122070312,1783.6805419921875
2026-01-08,1587.9339599609375,5615.791015625,3719.89990234375,612.8972778320312,11987.0,3395.283447265625,203.67999267578125,1759.8968505859375
2026-01-09,1602.109375,5590.740234375,3659.5,593.440185546875,11902.0,3308.0380859375,203.72999572753906,1726.0048828125
2026-01-12,1608.088134765625,5593.1962890625,3695.39990234375,584.5098876953125,11842.0,3344.3154296875,202.5399932861328,1721.6446533203125
2026-01-13,1605.5809326171875,5690.943359375,3694.5,580.3191528320312,11238.0,3270.961181640625,198.77999877929688,1722.932861328125
2026-01-14,1608.9560546875,5408.01708984375,3680.60009765625,575.6295166015625,11103.0,3185.614501953125,202.41000366210938,1737.7977294921875
2026-01-15,1608.9560546875,5408.01708984375,3680.60009765625,575.6295166015625,11103.0,3185.614501953125,202.41000366210938,1737.7977294921875
2026-01-16,1649.264892578125,5506.74658203125,3612.199951171875,560.4630126953125,10732.0,3345.314697265625,222.64999389648438,1738.7886962890625
2026-01-19,1667.525390625,5464.99560546875,3602.5,588.70068359375,11024.0,3400.980224609375,224.32000732421875,1746.1220703125
2026-01-20,1638.8720703125,5292.09619140625,3481.5,572.4864501953125,10682.0,3232.784912109375,214.99000549316406,1696.770751953125
2026-01-21,1634.209716796875,5253.2919921875,3490.800048828125,574.0330200195312,10517.0,3111.560546875,206.42999267578125,1603.2215576171875
2026-01-22,1654.218505859375,5367.7392578125,3527.199951171875,572.9853515625,10512.0,3139.2431640625,208.1300048828125,1533.951416015625
2026-01-23,1658.006591796875,5314.19970703125,3379.199951171875,547.8906860351562,10360.0,3098.1689453125,203.0500030517578,1546.1405029296875
2026-01-27,1670.82763671875,5319.6025390625,3333.0,529.4813842773438,10184.0,3031.91015625,203.97999572753906,1542.176513671875
2026-01-28,1679.9578857421875,5296.025390625,3490.60009765625,580.6683959960938,10279.0,3134.446044921875,207.63999938964844,1515.6180419921875
2026-01-29,1672.1875,5238.06494140625,3402.39990234375,589.0,10337.0,3066.0888671875,204.13999938964844,1514.8253173828125
2026-01-30,1646.9337158203125,5229.71484375,3475.39990234375,584.0499877929688,10446.0,3142.740966796875,212.24000549316406,1556.34765625
2026-02-02,1628.67333984375,5344.162109375,3471.10009765625,608.3499755859375,10339.0,3191.910400390625,243.91000366210938,1556.0504150390625
2026-02-03,1646.6424560546875,5410.96435546875,3550.300048828125,661.5499877929688,11031.0,3205.501953125,260.1199951171875,1569.032470703125
2026-02-04,1575.2520751953125,5412.92919921875,3779.39990234375,669.5999755859375,11678.0,3220.6923828125,245.24000549316406,1548.1224365234375
2026-02-05,1563.7906494140625,5310.76123046875,3616.10009765625,668.0,11376.0,3106.96337890625,236.69000244140625,1536.032470703125
2026-02-06,1547.9583740234375,5106.9169921875,3700.300048828125,674.8499755859375,11502.0,3117.2568359375,249.80999755859375,1538.7080078125
2026-02-09,1556.020263671875,5140.80908203125,3943.699951171875,690.3499755859375,11757.0,3170.523681640625,263.44000244140625,1559.4197998046875
2026-02-10,1527.94970703125,5286.20166015625,3957.60009765625,681.5499877929688,11609.0,3176.419921875,258.04998779296875,1661.6898193359375
2026-02-11,1507.066650390625,5158.0009765625,4154.7001953125,685.5999755859375,11741.0,3151.135986328125,263.2799987792969,1687.9510498046875
2026-02-12,1433.7337646484375,4888.3369140625,4086.60009765625,685.0999755859375,11626.0,3199.9052734375,255.05999755859375,1689.9329833984375
2026-02-13,1413.4334716796875,4739.0146484375,3942.5,680.1500244140625,11417.0,3095.37060546875,248.50999450683594,1641.9691162109375
2026-02-16,1419.84423828125,4736.0673828125,3966.60009765625,688.75,11751.0,3065.589111328125,258.2799987792969,1606.9871826171875
2026-02-17,1440.047119140625,4832.3408203125,3950.39990234375,690.5,11637.0,3096.86962890625,255.69000244140625,1636.419677734375
2026-02-18,1425.089111328125,4798.93994140625,4057.5,710.5499877929688,11517.0,3372.2978515625,285.0400085449219,1642.662841796875
2026-02-19,1408.771484375,4754.2412109375,3878.39990234375,696.5499877929688,11237.0,3525.702392578125,296.3399963378906,1641.57275390625
2026-02-20,1395.2703857421875,4773.39794921875,3870.89990234375,712.1500244140625,11072.0,3634.234619140625,287.8599853515625,1671.50048828125
2026-02-23,1385.265869140625,4630.95263671875,3799.5,720.5,10599.0,3550.48681640625,256.95001220703125,1666.446533203125
2026-02-24,1300.762939453125,4418.7578125,3838.60009765625,724.5,10525.0,3560.980224609375,244.11000061035156,1608.176513671875
2026-02-25,1338.6435546875,4496.36572265625,3908.39990234375,713.4000244140625,10388.0,3627.638671875,256.05999755859375,1614.9151611328125
2026-02-26,1334.0784912109375,4428.09033203125,3916.39990234375,726.75,10116.0,3695.296875,260.1600036621094,1645.3385009765625
2026-02-27,1349.2308349609375,4433.49365234375,3856.5,725.2000122070312,10528.0,3858.99462890625,257.17999267578125,1583.1043701171875
2026-03-02,1331.6502685546875,4370.91552734375,3736.60009765625,711.8499755859375,10151.0,3702.692138671875,245.6999969482422,1530.58203125
2026-03-04,1324.8511962890625,4280.9296875,3700.39990234375,684.9000244140625,10136.0,3459.34375,233.4199981689453,1469.4381103515625
2026-03-05,1315.2352294921875,4322.484375,3814.5,701.0999755859375,10224.0,3248.775146484375,232.72000122070312,1448.4290771484375
2026-03-06,1317.7606201171875,4253.9140625,3746.800048828125,715.4500122070312,10029.0,3220.292724609375,231.02999877929688,1443.5731201171875
2026-03-09,1319.606201171875,4227.880859375,3701.800048828125,697.5499877929688,9804.0,3197.5068359375,230.67999267578125,1470.0325927734375
2026-03-10,1322.4229736328125,4279.84912109375,3841.60009765625,728.2000122070312,10908.0,3322.029541015625,242.2100067138672,1463.2938232421875
2026-03-11,1311.54443359375,4266.88134765625,3726.10009765625,726.2999877929688,10618.0,3276.557861328125,237.24000549316406,1469.537109375
2026-03-12,1319.1204833984375,4253.71728515625,3700.300048828125,737.2999877929688,10803.0,3224.190185546875,234.27000427246094,1436.239990234375
2026-03-13,1287.3590087890625,4180.03857421875,3475.60009765625,709.9000244140625,10338.0,3174.021484375,230.30999755859375,1385.501220703125
2026-03-16,1290.4671630859375,4128.1689453125,3555.0,698.6500244140625,10263.0,3224.590087890625,221.11000061035156,1399.2760009765625
2026-03-17,1283.182373046875,4031.30615234375,3634.89990234375,708.4000244140625,10289.0,3302.341552734375,219.6199951171875,1422.0687255859375
2026-03-18,1318.246337890625,4133.27734375,3715.89990234375,707.1500244140625,10709.0,3293.7470703125,225.8699951171875,1483.212646484375
2026-03-19,1274.1494140625,3968.138671875,3567.0,686.7000122070312,10194.0,3248.275390625,228.50999450683594,1427.9156494140625
2026-03-20,1295.4207763671875,4163.04345703125,3620.60009765625,681.5999755859375,10342.0,3282.35400390625,226.22000122070312,1404.0328369140625
2026-03-23,1319.606201171875,4057.830322265625,3409.699951171875,664.0999755859375,9894.0,3085.6767578125,216.22000122070312,1370.537353515625
2026-03-24,1333.88427734375,4106.556640625,3514.300048828125,667.2999877929688,10174.0,3196.9072265625,216.08999633789062,1394.618408203125
2026-03-25,1341.6546630859375,4139.17138671875,3717.89990234375,692.25,10415.0,3249.1748046875,224.77999877929688,1436.7354736328125
2026-03-27,1325.23974609375,4087.498046875,3612.60009765625,667.9500122070312,10019.0,3178.119140625,213.5500030517578,1385.699462890625
2026-03-30,1303.093994140625,3906.54345703125,3429.60009765625,655.0499877929688,9673.0,3096.86962890625,205.39999389648438,1335.753662109375
2026-04-01,1315.5267333984375,4054.39208984375,3539.89990234375,680.2999877929688,10254.0,3142.1416015625,215.6699981689453,1377.67236328125
2026-04-02,1361.9547119140625,4166.580078125,3538.0,680.0499877929688,9920.5,3153.03466796875,224.83999633789062,1374.798583984375
2026-04-06,1363.023193359375,4197.03369140625,3706.5,687.2999877929688,10008.0,3223.690673828125,230.02999877929688,1390.059814453125
2026-04-07,1400.223876953125,4280.8310546875,3751.10009765625,693.9000244140625,10116.5,3237.981689453125,234.60000610351562,1385.798583984375
2026-04-08,1419.067138671875,4356.2783203125,3911.39990234375,726.2999877929688,10636.0,3309.337158203125,246.3300018310547,1455.365966796875
2026-04-09,1422.855224609375,4373.56787109375,3851.5,720.5999755859375,10625.5,3338.01953125,242.36000061035156,1457.744384765625
2026-04-10,1409.5484619140625,4366.98583984375,3896.300048828125,731.0999755859375,10676.0,3344.115478515625,245.00999450683594,1495.40185546875
2026-04-13,1388.3741455078125,4333.68310546875,3878.60009765625,716.0999755859375,10503.5,3307.33837890625,246.86000061035156,1498.6722412109375
2026-04-15,1409.6455078125,4460.607421875,4016.800048828125,748.0,11068.5,3561.47998046875,259.19000244140625,1547.4288330078125
2026-04-16,1408.5770263671875,4512.673828125,4202.2001953125,755.9000244140625,11287.0,3706.08984375,271.1400146484375,1547.3297119140625
2026-04-17,1400.90380859375,4511.5927734375,4214.39990234375,774.7999877929688,11371.5,3806.627197265625,280.5899963378906,1507.392822265625
2026-04-20,1387.3056640625,4437.0302734375,4222.60009765625,795.7000122070312,11211.0,3777.345458984375,270.8999938964844,1502.04150390625
2026-04-21,1399.8353271484375,4568.767578125,4247.2998046875,805.25,11265.0,3902.267578125,284.44000244140625,1499.7623291015625
2026-04-22,1248.4100341796875,4285.64501953125,4458.89990234375,824.3499755859375,11267.0,4017.09619140625,293.6099853515625,1511.2576904296875
2026-04-23,1240.9310302734375,4158.91748046875,4387.7001953125,837.7999877929688,10866.5,3900.96826171875,290.6499938964844,1566.4556884765625
2026-04-24,1191.040283203125,4119.130859375,4266.7998046875,823.1500244140625,10815.5,3822.41748046875,290.2900085449219,1506.8973388671875
2026-04-27,1215.78759765625,4114.90673828125,4194.10009765625,820.2999877929688,11252.0,3917.25830078125,304.79998779296875,1560.509765625
2026-04-28,1183.9130859375,4058.812744140625,4096.89990234375,831.2000122070312,11370.0,3999.706787109375,297.8599853515625,1584.1944580078125
2026-04-29,1188.0706787109375,4075.316650390625,4112.5,825.5999755859375,11325.0,4028.489013671875,293.8299865722656,1587.761962890625
2026-04-30,1186.9818115234375,4057.142578125,4044.39990234375,813.3499755859375,11166.5,4062.26806640625,288.3900146484375,1566.257568359375
2026-05-01,1186.9818115234375,4057.142578125,4044.39990234375,813.3499755859375,11166.5,4062.26806640625,288.3900146484375,1566.257568359375
2026-05-04,1188.36767578125,4105.0830078125,4098.89990234375,802.2999877929688,11408.0,3925.253173828125,283.1300048828125,1555.455810546875
2026-05-05,1188.0706787109375,4145.06591796875,4170.60009765625,826.9000244140625,11253.0,4175.49755859375,297.2799987792969,1544.9512939453125
2026-05-06,1177.0828857421875,4205.875,4305.5,828.9000244140625,11299.0,4365.6787109375,312.1400146484375,1576.6629638671875
2026-05-07,1171.4404296875,4221.69140625,4379.7001953125,859.0999755859375,11048.0,4300.02001953125,327.739990234375,1579.1405029296875
2026-05-08,1186.2889404296875,4243.50048828125,4507.5,873.5499877929688,10803.0,4419.4453125,343.45001220703125,1577.9512939453125
2026-05-11,1182.82421875,4170.31298828125,4364.2998046875,858.0999755859375,10772.0,4292.5244140625,360.5299987792969,1557.3387451171875
2026-05-12,1134.220458984375,4010.282958984375,4049.300048828125,833.7000122070312,10138.0,4013.498291015625,342.510009765625,1526.0234375
2026-05-13,1131.646728515625,3963.128662109375,4178.39990234375,847.0499877929688,11124.0,3930.650146484375,325.3900146484375,1544.753173828125
2026-05-14,1112.6407470703125,3954.68017578125,3336.5,848.25,11103.0,3905.166015625,327.05999755859375,1641.17626953125
2026-05-15,1121.15380859375,4052.91845703125,3271.89990234375,838.2000122070312,10979.0,3838.107666015625,311.6700134277344,1664.8609619140625
2026-05-18,1135.0123291015625,4081.407470703125,3118.199951171875,808.75,10780.0,3803.729248046875,302.44000244140625,1653.365478515625
2026-05-19,1167.48095703125,4112.3525390625,3091.60009765625,819.4000244140625,11048.0,3744.066162109375,317.55999755859375,1631.761962890625
2026-05-20,1157.9779052734375,4101.54638671875,3001.0,853.25,10997.0,3839.306884765625,333.1400146484375,1759.5994873046875
2026-05-21,1156.39404296875,4143.39599609375,3174.89990234375,864.9000244140625,11258.0,3810.82470703125,340.92999267578125,1879.2119140625
2026-05-22,1152.236572265625,4235.150390625,3321.39990234375,865.7000122070312,11722.0,3848.90087890625,357.8399963378906,1946.3017578125
2026-05-25,1153.9193115234375,4250.966796875,3400.39990234375,867.9000244140625,11824.0,3840.7060546875,370.17999267578125,1918.5540771484375
2026-05-26,1150.15771484375,4259.21875,3299.0,879.1500244140625,11673.0,3849.300537109375,388.4700012207031,1990.995361328125
2026-05-27,1153.42431640625,4254.896484375,3229.60009765625,934.7999877929688,11756.0,4069.46337890625,395.1400146484375,1948.8782958984375
2026-05-28,1153.42431640625,4254.896484375,3229.60009765625,934.7999877929688,11756.0,4069.46337890625,395.1400146484375,1948.8782958984375
2026-05-29,1171.83642578125,4209.90283203125,3133.60009765625,917.4500122070312,11524.0,4667.79052734375,392.239990234375,1947.292724609375
2026-06-01,1183.022216796875,4227.0947265625,3100.199951171875,894.3499755859375,11463.0,4617.22216796875,411.8500061035156,1925.0946044921875
2026-06-02,1230.93310546875,4450.48828125,3169.10009765625,907.7000122070312,11604.0,4779.8203125,432.44000244140625,1889.0225830078125
2026-06-03,1167.0849609375,4270.41796875,3214.39990234375,906.6500244140625,11227.0,4702.36865234375,410.82000732421875,1916.2747802734375
2026-06-04,1156.4931640625,4219.53076171875,3190.5,937.9000244140625,11488.0,4931.12646484375,431.3599853515625,1968.00439453125
2026-06-05,1143.0303955078125,4225.32666015625,3121.800048828125,937.8499755859375,11432.0,4663.09326171875,452.8999938964844,1954.92333984375
2026-06-08,1139.6649169921875,4180.431640625,3027.5,903.4000244140625,11392.0,4261.84375,430.29998779296875,1888.626220703125
2026-06-09,1134.7154541015625,4182.2001953125,3072.800048828125,911.2000122070312,11611.0,4425.44189453125,408.79998779296875,1957.9954833984375
2026-06-10,1120.658935546875,4092.199951171875,3073.0,908.0999755859375,11487.0,4292.92431640625,388.3999938964844,1960.7701416015625
2026-06-11,1098.980224609375,4009.10009765625,3026.89990234375,901.3499755859375,11371.0,4188.7890625,369.0,1948.28369140625
2026-06-12,1098.38623046875,4064.89990234375,3076.89990234375,914.4500122070312,11546.0,4584.54248046875,386.3999938964844,1948.8782958984375
2026-06-15,1107.98828125,4068.199951171875,3082.10009765625,935.5,11957.0,4609.4267578125,373.8999938964844,1916.4730224609375
2026-06-16,1147.2869873046875,4119.0,3177.60009765625,940.7000122070312,12235.0,4881.357421875,382.5,1896.35595703125
2026-06-17,1155.00830078125,4094.60009765625,3248.300048828125,963.75,12833.0,4908.4404296875,386.3999938964844,1882.6802978515625
2026-06-18,1150.058837890625,4116.0,3385.5,954.4500122070312,12666.0,5076.43603515625,405.70001220703125,1924.5
2026-06-19,1120.262939453125,4065.5,3253.10009765625,963.7000122070312,12517.0,5057.74755859375,425.8999938964844,1988.800048828125
2026-06-22,1119.0750732421875,4115.2998046875,3283.5,962.5499877929688,12336.0,5107.916015625,447.1000061035156,2061.699951171875
2026-06-23,1098.287353515625,4076.10009765625,3216.89990234375,950.5,11932.0,4922.0322265625,433.0,2023.199951171875
2026-06-24,1102.642822265625,4025.5,3203.10009765625,919.4500122070312,12086.0,5070.83935546875,418.20001220703125,2028.5
2026-06-25,1089.576171875,4028.300048828125,3264.699951171875,942.0999755859375,12013.0,4940.72021484375,412.29998779296875,1991.9000244140625
2026-06-26,1089.576171875,4028.300048828125,3264.699951171875,942.0999755859375,12013.0,4940.72021484375,412.29998779296875,1991.9000244140625
2026-06-29,1091.259033203125,3980.39990234375,3150.60009765625,956.25,11805.0,4452.02490234375,395.3999938964844,1993.4000244140625
2026-06-30,1060.9683837890625,3829.699951171875,3121.89990234375,952.1500244140625,11920.0,4535.373046875,396.29998779296875,1970.5999755859375
2026-07-01,1023.7482299804688,3587.800048828125,3152.10009765625,976.5,11956.0,4505.091796875,402.70001220703125,1911.699951171875
2026-07-02,1067.20458984375,3671.10009765625,3158.5,959.4000244140625,12373.0,4432.2373046875,388.20001220703125,1938.0
2026-07-03,1127.4891357421875,3678.89990234375,3333.800048828125,892.5499877929688,12456.0,4424.64208984375,382.0,1906.699951171875
2026-07-06,1122.7376708984375,3658.60009765625,3359.199951171875,925.0499877929688,13304.0,4408.751953125,381.70001220703125,1892.0
2026-07-07,1156.39404296875,3707.199951171875,3312.60009765625,910.5,13242.0,4228.16455078125,371.29998779296875,1906.9000244140625
2026-07-08,1134.0224609375,3623.60009765625,3210.699951171875,908.0999755859375,12934.0,4168.80126953125,378.79998779296875,1886.199951171875
2026-07-09,1138.77392578125,3621.39990234375,3429.10009765625,910.9000244140625,13477.0,4283.82958984375,397.70001220703125,1870.4000244140625
2026-07-10,1152.33544921875,3690.300048828125,3336.10009765625,916.5999755859375,13421.0,4302.318359375,397.8999938964844,1856.199951171875
2026-07-13,1208.8583984375,3823.60009765625,3319.5,905.5,13490.0,4397.25927734375,386.95001220703125,1835.4000244140625
2026-07-14,1154.9091796875,3697.300048828125,3288.39990234375,913.8499755859375,13365.0,4395.3603515625,394.6000061035156,1848.5999755859375
2026-07-15,1156.196044921875,3520.39990234375,3337.199951171875,929.1500244140625,13651.0,4368.6767578125,410.8999938964844,1855.699951171875
2026-07-16,1175.4000244140625,3537.800048828125,3438.800048828125,921.9500122070312,14507.0,4301.51904296875,423.5,1839.9000244140625
2026-07-17,1203.9000244140625,3503.199951171875,3385.800048828125,905.0,14329.0,4241.65576171875,404.95001220703125,1817.0999755859375
2026-07-20,1221.300048828125,3536.699951171875,3328.800048828125,912.4500122070312,14589.0,4175.49755859375,425.1499938964844,1822.5999755859375
2026-07-21,1239.5,3461.60009765625,3272.10009765625,914.8499755859375,14118.0,4254.64794921875,446.3999938964844,1818.800048828125
2026-07-22,1237.300048828125,3406.60009765625,3252.39990234375,912.8499755859375,13882.0,4286.02880859375,468.70001220703125,1761.4000244140625
2026-07-23,1244.699951171875,3387.60009765625,3240.300048828125,883.7999877929688,13829.0,4241.15625,492.1000061035156,1800.699951171875
2026-07-24,1271.0,3538.0,3176.199951171875,867.7000122070312,13846.0,4153.4111328125,516.7000122070312,1775.300048828125
2026-07-27,1295.9000244140625,3554.39990234375,3181.300048828125,877.2999877929688,13810.0,4359.48291015625,542.5,1735.199951171875
2026-07-28,1318.5999755859375,3581.800048828125,3227.699951171875,844.0999755859375,13903.0,4392.9619140625,515.4000244140625,1764.5
2026-07-29,1344.300048828125,3673.39990234375,3638.60009765625,829.5,14275.0,4361.38134765625,491.45001220703125,1780.699951171875
2026-07-30,1352.699951171875,3658.300048828125,3621.5,832.5999755859375,14338.0,4192.5869140625,492.54998779296875,1773.699951171875
2026-07-31,1346.9000244140625,3672.89990234375,3804.60009765625,863.4000244140625,14049.0,4521.181640625,517.1500244140625,1756.4000244140625
2026-08-03,1377.0,3761.89990234375,3805.0,826.0999755859375,13892.0,4583.14306640625,543.0,1780.0999755859375
2026-08-04,1369.9000244140625,3737.0,3875.0,880.0499877929688,13988.0,4759.23388671875,570.1500244140625,1778.5
2026-08-05,1350.0,3749.800048828125,3898.0,889.5,14310.0,4890.75146484375,598.6500244140625,1747.800048828125
2026-08-06,1335.0,3715.0,3830.0,876.0,14200.0,4813.0,605.7000122070312,1735.5
2026-08-07,1356.5999755859375,3781.0,3856.300048828125,879.0,14200.0,4939.2001953125,575.4500122070312,1755.199951171875
2026-08-10,1357.199951171875,3808.0,3735.10009765625,879.0,14115.0,4903.0,602.7999877929688,1739.4000244140625
2026-08-11,1365.4000244140625,3795.0,3717.699951171875,881.0,14023.0,4859.7998046875,627.4000244140625,1746.0999755859375
2026-08-12,1365.4000244140625,3711.89990234375,3828.0,888.0,13800.0,4837.39990234375,631.4000244140625,1736.199951171875
2026-08-13,1370.0,3778.0,3760.5,886.5499877929688,14035.0,5181.0,635.0,1758.199951171875
2026-08-14,1360.0,3772.699951171875,3660.199951171875,890.1500244140625,14130.0,5007.2001953125,666.75,1718.0999755859375
2026-08-17,1325.0,3760.0,3651.0,898.7999877929688,14025.0,5212.39990234375,686.1500244140625,1711.9000244140625
2026-08-18,1298.0,3662.0,3644.10009765625,894.2000122070312,14150.0,5354.5,664.5499877929688,1689.800048828125
2026-08-19,1324.800048828125,3659.699951171875,3823.300048828125,863.0499877929688,14462.0,5065.0,631.3499755859375,1660.0
2026-08-20,1318.4000244140625,3660.0,3815.0,876.2999877929688,14850.0,5419.7998046875,623.8499755859375,1677.5
2026-08-21,1302.5,3708.0,3890.0,867.0,14850.0,5601.0,621.5999755859375,1655.4000244140625
2026-08-24,1322.0,3673.5,3840.199951171875,877.5,14570.0,5454.5,612.9000244140625,1688.5
2026-08-25,1315.800048828125,3665.89990234375,3936.0,878.5,14990.0,5273.5,596.3499755859375,1699.9000244140625
2026-08-26,1298.5,3650.0,4032.0,865.0499877929688,14735.0,5271.89990234375,613.0499877929688,1649.300048828125
2026-08-27,1282.0,3633.199951171875,4018.800048828125,897.9000244140625,14711.0,5272.2001953125,618.0999755859375,1689.5999755859375
2026-08-28,1316.0999755859375,3685.0,3943.10009765625,889.0,14650.0,5322.89990234375,616.4000244140625,1694.699951171875
2026-08-31,1312.199951171875,3578.60009765625,3685.0,916.0,14850.0,5188.60009765625,618.75,1723.4000244140625
2026-09-01,1351.4000244140625,3638.0,3600.5,885.5,14461.0,5136.5,620.9000244140625,1733.800048828125
2026-09-02,1331.5,3609.0,3583.0,877.75,14590.0,5110.0,608.4500122070312,1710.0
2026-09-03,1319.0,3580.0,3485.0,895.0,14445.0,5270.0,592.7000122070312,1696.4000244140625
2026-09-04,1293.4000244140625,3558.0,3598.0,891.0,14240.0,5193.0,601.5499877929688,1756.0999755859375
2026-09-07,1282.800048828125,3497.0,,895.0,14180.0,,,
2026-09-08,1277.0,3492.0,3610.0,910.7000122070312,14100.0,5087.5,617.5999755859375,1752.800048828125
2026-09-09,1229.800048828125,3383.0,3615.0,926.9500122070312,13845.0,4898.5,604.5,1772.800048828125
2026-09-10,1207.0,3409.0,3499.0,914.5499877929688,13500.0,5013.5,605.9000244140625,1764.4000244140625
2026-09-11,1206.0999755859375,3383.0,3505.0,909.0,13425.0,5027.0,610.3499755859375,1761.5999755859375
2026-09-14,1206.0999755859375,3383.0,3505.0,909.0,13425.0,5027.0,610.3499755859375,1761.5999755859375
2026-09-15,1253.699951171875,3440.0,3392.0,858.0,13180.0,4614.0,579.8499755859375,1748.199951171875
2026-09-16,1253.0,3373.0,3385.0,,13181.0,4562.0,599.75,1799.300048828125
